scenario,method,rMPE,rRMSE,BIC,iRSE50,AUC_ss_rMPE,AUC_ss_rRMSE,TPR_pair,TNR_pair,PPV_pair,correct_model,time,hardware_processor,hardware_ram,software_os,software_kernel
strm_1_statm_2_covm_3_clint_pooled_covs_unchanged,cossac,11.31646747823256,187.05502123338488,-5381.625100497861,FALSE,3.3312255009424323,27.422593843643433,0.5,1,1,FALSE,2701.699,Intel® Xeon® W9-3475X (36 cores),125.3 GiB,Linux 64-bit,5.3.18-150300.59.106-default
strm_1_statm_2_covm_3_clint_pooled_covs_unchanged,covsamba,11.85783106272413,237.44529036006895,33202.809708340166,FALSE,2.924649445707646,27.50524390287009,1,1,1,TRUE,371.784,Intel® Xeon® W9-3475X (36 cores),125.3 GiB,Linux 64-bit,5.3.18-150300.59.106-default
strm_2_statm_2_covm_3_clint_pooled_covs_unchanged,cossac,5.7756374997077415,24.619953269868216,-11623.428824450672,FALSE,2.102975657080589,18.48172940888029,0.5,1,1,FALSE,7106.564,Intel® Xeon® W9-3475X (36 cores),125.3 GiB,Linux 64-bit,5.3.18-150300.59.106-default
strm_2_statm_2_covm_3_clint_pooled_covs_unchanged,covsamba,5.655001305683812,24.498122407022663,-11678.404505541956,FALSE,2.4164344365214205,18.697504972680612,1,1,1,TRUE,732.457,Intel® Xeon® W9-3475X (36 cores),125.3 GiB,Linux 64-bit,5.3.18-150300.59.106-default
strm_3_statm_2_covm_3_clint_pooled_covs_unchanged,cossac,5.402248948680424,22.62259540123875,-10178.199441046796,FALSE,2.3444474049864565,18.926102935747195,0.5,1,1,FALSE,161572.269,Intel® Xeon® W9-3475X (36 cores),125.3 GiB,Linux 64-bit,5.3.18-150300.59.106-default
strm_3_statm_2_covm_3_clint_pooled_covs_unchanged,covsamba,4.798394997245303,22.096126699607986,-9754.05231696378,FALSE,2.2898090718025768,18.995318776194697,1,1,1,TRUE,21548.693,Intel® Xeon® W9-3475X (36 cores),125.3 GiB,Linux 64-bit,5.3.18-150300.59.106-default
strm_4_statm_2_covm_3_clint_pooled_covs_unchanged,cossac,4.34566592188645,22.264862111870976,-12332.212430882972,FALSE,3.0781483599635524,18.421462868973833,0.5,1,1,FALSE,190412.424,Intel® Xeon® W9-3475X (36 cores),125.3 GiB,Linux 64-bit,5.3.18-150300.59.106-default
strm_4_statm_2_covm_3_clint_pooled_covs_unchanged,covsamba,4.35626880598547,22.26562405147093,-12364.8475242056,FALSE,3.6535941781378423,18.71486491805655,1,1,1,TRUE,22890.374,Intel® Xeon® W9-3475X (36 cores),125.3 GiB,Linux 64-bit,5.3.18-150300.59.106-default
strm_2_statm_1_covm_3_clint_pooled_covs_unchanged,cossac,5.5695219109204785,25.1330729889871,-12512.216205074035,FALSE,3.2643126529275173,18.09723413465635,0.5,1,1,FALSE,12048.374,Intel® Xeon® W9-3475X (36 cores),125.3 GiB,Linux 64-bit,5.3.18-150300.59.106-default
strm_2_statm_1_covm_3_clint_pooled_covs_unchanged,covsamba,5.396958534100778,24.9305696627877,-12590.606208255344,FALSE,4.756586272008042,18.90122131166915,1,1,1,TRUE,1057.572,Intel® Xeon® W9-3475X (36 cores),125.3 GiB,Linux 64-bit,5.3.18-150300.59.106-default
strm_2_statm_3_covm_3_clint_pooled_covs_unchanged,cossac,6.518194591198591,28.11899793041219,-10787.35888890654,FALSE,1.529238636258004,18.681111860843274,0.5,1,1,FALSE,8945.443,Intel® Xeon® W9-3475X (36 cores),125.3 GiB,Linux 64-bit,5.3.18-150300.59.106-default
strm_2_statm_3_covm_3_clint_pooled_covs_unchanged,covsamba,6.387307702519542,27.98374475590074,-10784.032551099606,FALSE,1.2557789462497086,18.704001316433487,1,1,1,TRUE,1208.239,Intel® Xeon® W9-3475X (36 cores),125.3 GiB,Linux 64-bit,5.3.18-150300.59.106-default
strm_2_statm_4_covm_3_clint_pooled_covs_unchanged,cossac,5.472812041333876,24.129552670997672,-12556.761114312629,FALSE,1.0158910071149705,12.428065034312173,0.5,1,1,FALSE,11657.443,Intel® Xeon® W9-3475X (36 cores),125.3 GiB,Linux 64-bit,5.3.18-150300.59.106-default
strm_2_statm_4_covm_3_clint_pooled_covs_unchanged,covsamba,5.287920308677513,23.97602823074022,-12627.032846794998,FALSE,0.946198061183469,12.452077743618032,1,1,1,TRUE,787.59,Intel® Xeon® W9-3475X (36 cores),125.3 GiB,Linux 64-bit,5.3.18-150300.59.106-default
strm_2_statm_5_covm_3_clint_pooled_covs_unchanged,cossac,6.462996078095408,27.422253733959252,-10456.93453265771,FALSE,7.417261325699967,27.4873442052114,0.5,1,1,FALSE,5708.099,Intel® Xeon® W9-3475X (36 cores),125.3 GiB,Linux 64-bit,5.3.18-150300.59.106-default
strm_2_statm_5_covm_3_clint_pooled_covs_unchanged,covsamba,6.363519755716745,27.22600029018767,-10459.332861104647,FALSE,7.722791822539072,27.78013372825467,1,1,1,TRUE,1146.171,Intel® Xeon® W9-3475X (36 cores),125.3 GiB,Linux 64-bit,5.3.18-150300.59.106-default
strm_2_statm_6_covm_3_clint_pooled_covs_unchanged,cossac,149.81445210444696,4407.590045936421,-9309.421495627956,FALSE,7.56646726498062,21.90703540180633,0.5,1,1,FALSE,3607.451,Intel® Xeon® W9-3475X (36 cores),125.3 GiB,Linux 64-bit,5.3.18-150300.59.106-default
strm_2_statm_6_covm_3_clint_pooled_covs_unchanged,covsamba,149.69536979703992,4436.364545229303,-9382.96429981628,FALSE,6.891968161839405,21.551693397749304,1,1,1,TRUE,1109.939,Intel® Xeon® W9-3475X (36 cores),125.3 GiB,Linux 64-bit,5.3.18-150300.59.106-default
strm_2_statm_7_covm_3_clint_pooled_covs_unchanged,cossac,24.67883775603403,591.7340690308403,-8299.054034758314,FALSE,0.9666032117557738,20.19444588423644,0.5,1,1,FALSE,11756.207,Intel® Xeon® W9-3475X (36 cores),125.3 GiB,Linux 64-bit,5.3.18-150300.59.106-default
strm_2_statm_7_covm_3_clint_pooled_covs_unchanged,covsamba,24.317270863570105,606.086233696706,-8386.4396588722,FALSE,1.0744174324551417,20.35233285268129,1,1,1,TRUE,700.718,Intel® Xeon® W9-3475X (36 cores),125.3 GiB,Linux 64-bit,5.3.18-150300.59.106-default
strm_2_statm_8_covm_3_clint_pooled_covs_unchanged,cossac,613.5032139019348,31470.137566864298,-7385.087823070125,FALSE,-0.7884843382878405,20.929733555150356,0.5,1,1,FALSE,10199.262,Intel® Xeon® W9-3475X (36 cores),125.3 GiB,Linux 64-bit,5.3.18-150300.59.106-default
strm_2_statm_8_covm_3_clint_pooled_covs_unchanged,covsamba,648.397683872959,33353.929199113816,-7499.7109773401635,FALSE,0.7688875753173752,21.436787101709847,1,1,1,TRUE,1092.724,Intel® Xeon® W9-3475X (36 cores),125.3 GiB,Linux 64-bit,5.3.18-150300.59.106-default
strm_2_statm_9_covm_3_clint_pooled_covs_unchanged,cossac,30.007383778545183,361.28382803035726,-9148.489493489193,FALSE,1.1286074746085577,14.355280861857214,0.5,1,1,FALSE,8891.988,Intel® Xeon® W9-3475X (36 cores),125.3 GiB,Linux 64-bit,5.3.18-150300.59.106-default
strm_2_statm_9_covm_3_clint_pooled_covs_unchanged,covsamba,29.150494204041426,354.79467395273105,-9208.580809703566,FALSE,1.0461808536781656,14.300708536138004,1,1,1,TRUE,1089.386,Intel® Xeon® W9-3475X (36 cores),125.3 GiB,Linux 64-bit,5.3.18-150300.59.106-default
strm_2_statm_10_covm_3_clint_pooled_covs_unchanged,cossac,32.37102870049917,339.1392722869901,-7460.143841780778,FALSE,9.018449661143752,29.79920448017019,0.5,1,1,FALSE,5131.106,Intel® Xeon® W9-3475X (36 cores),125.3 GiB,Linux 64-bit,5.3.18-150300.59.106-default
strm_2_statm_10_covm_3_clint_pooled_covs_unchanged,covsamba,32.37102870049917,339.1392722869901,-7460.143841780778,FALSE,9.018449661143752,29.79920448017019,0.5,1,1,FALSE,801.874,Intel® Xeon® W9-3475X (36 cores),125.3 GiB,Linux 64-bit,5.3.18-150300.59.106-default
strm_2_statm_11_covm_3_clint_pooled_covs_unchanged,cossac,5.843221305973343,24.68047231206937,-11614.192376355371,FALSE,2.4958648987456464,18.389994580661615,0.5,1,1,FALSE,5550.311,Intel® Xeon® W9-3475X (36 cores),125.3 GiB,Linux 64-bit,5.3.18-150300.59.106-default
strm_2_statm_11_covm_3_clint_pooled_covs_unchanged,covsamba,5.7339604861949365,24.606273293305893,-11670.086292715345,FALSE,2.0785341023029167,18.280969762746057,1,1,1,TRUE,1153.926,Intel® Xeon® W9-3475X (36 cores),125.3 GiB,Linux 64-bit,5.3.18-150300.59.106-default
strm_2_statm_12_covm_3_clint_pooled_covs_unchanged,cossac,5.826785885557462,24.628439437186668,-11692.563816439224,FALSE,2.225419423202662,17.93637607983979,0.5,1,1,FALSE,9464.023,Intel® Xeon® W9-3475X (36 cores),125.3 GiB,Linux 64-bit,5.3.18-150300.59.106-default
strm_2_statm_12_covm_3_clint_pooled_covs_unchanged,covsamba,5.68469250770708,24.55374688503403,-11764.985889900829,TRUE,1.2327126711788048,17.602667593020044,1,1,1,TRUE,1150.522,Intel® Xeon® W9-3475X (36 cores),125.3 GiB,Linux 64-bit,5.3.18-150300.59.106-default
strm_2_statm_13_covm_3_clint_pooled_covs_unchanged,cossac,5.472334779185862,24.819729436270965,-11849.06549412262,TRUE,2.999027279095132,13.13226487926784,0.5,1,1,FALSE,11018.2,Intel® Xeon® W9-3475X (36 cores),125.3 GiB,Linux 64-bit,5.3.18-150300.59.106-default
strm_2_statm_13_covm_3_clint_pooled_covs_unchanged,covsamba,5.24410227689762,24.560176169811392,-11917.087893846923,TRUE,1.8880249549251007,12.782339410732604,1,0.9807692307692308,0.6666666666666666,FALSE,752.275,Intel® Xeon® W9-3475X (36 cores),125.3 GiB,Linux 64-bit,5.3.18-150300.59.106-default
strm_2_statm_1_covm_1_clint_pooled_covs_unchanged,cossac,5.326559857402332,24.876547895722947,-11986.51135419585,FALSE,3.698969278851493,18.51212521538332,NA,0.9814814814814816,0,FALSE,6869.235,Intel® Xeon® W9-3475X (36 cores),125.3 GiB,Linux 64-bit,5.3.18-150300.59.106-default
strm_2_statm_1_covm_1_clint_pooled_covs_unchanged,covsamba,5.326559857402332,24.876547895722947,-11986.51135419585,FALSE,3.698969278851493,18.51212521538332,NA,0.9814814814814816,0,FALSE,1141.769,Intel® Xeon® W9-3475X (36 cores),125.3 GiB,Linux 64-bit,5.3.18-150300.59.106-default
strm_2_statm_1_covm_2_clint_pooled_covs_unchanged,cossac,5.360418494011916,24.919648151277293,-12793.806266280386,FALSE,4.624637987932364,18.961264115589422,1,1,1,TRUE,8611.596,Intel® Xeon® W9-3475X (36 cores),125.3 GiB,Linux 64-bit,5.3.18-150300.59.106-default
strm_2_statm_1_covm_2_clint_pooled_covs_unchanged,covsamba,5.370941622788732,24.910960817007496,-12810.568224247305,FALSE,3.808552595414107,18.53620205677692,1,0.981132075471698,0.5,FALSE,1210.829,Intel® Xeon® W9-3475X (36 cores),125.3 GiB,Linux 64-bit,5.3.18-150300.59.106-default
strm_2_statm_1_covm_4_clint_pooled_covs_unchanged,cossac,5.452643678303717,25.10904184063405,-12361.067295916751,FALSE,3.829815251906728,18.543877372847785,0.3333333333333333,1,1,FALSE,6615.165,Intel® Xeon® W9-3475X (36 cores),125.3 GiB,Linux 64-bit,5.3.18-150300.59.106-default
strm_2_statm_1_covm_4_clint_pooled_covs_unchanged,covsamba,5.403928335201347,24.938600530425024,-12365.50244964526,FALSE,5.008391548675725,19.10016477474306,1,1,1,TRUE,726.203,Intel® Xeon® W9-3475X (36 cores),125.3 GiB,Linux 64-bit,5.3.18-150300.59.106-default
strm_2_statm_1_covm_5_clint_pooled_covs_unchanged,cossac,5.379956224110587,24.984062558132177,-12580.541858761851,FALSE,3.7655537146891698,18.536605052839132,1,1,1,TRUE,11588.454,Intel® Xeon® W9-3475X (36 cores),125.3 GiB,Linux 64-bit,5.3.18-150300.59.106-default
strm_2_statm_1_covm_5_clint_pooled_covs_unchanged,covsamba,5.379956224110587,24.984062558132177,-12580.541858761851,FALSE,3.7655537146891698,18.536605052839132,1,1,1,TRUE,1165.69,Intel® Xeon® W9-3475X (36 cores),125.3 GiB,Linux 64-bit,5.3.18-150300.59.106-default
strm_2_statm_1_covm_6_clint_pooled_covs_unchanged,cossac,5.51895858120914,25.126033019775583,-12447.862412157809,FALSE,3.922304865854837,18.417618625007705,0.5,1,1,FALSE,10363.018,Intel® Xeon® W9-3475X (36 cores),125.3 GiB,Linux 64-bit,5.3.18-150300.59.106-default
strm_2_statm_1_covm_6_clint_pooled_covs_unchanged,covsamba,5.379622381358732,24.92893214325665,-12472.461759243412,FALSE,3.1881391168576703,18.284452784630503,1,0.9807692307692308,0.6666666666666666,FALSE,1125.04,Intel® Xeon® W9-3475X (36 cores),125.3 GiB,Linux 64-bit,5.3.18-150300.59.106-default
strm_2_statm_1_covm_7_clint_pooled_covs_unchanged,cossac,5.40358138985563,25.054345948400208,-12301.735386636332,FALSE,3.834887565537733,18.5288679840752,0.3333333333333333,1,1,FALSE,9687.374,Intel® Xeon® W9-3475X (36 cores),125.3 GiB,Linux 64-bit,5.3.18-150300.59.106-default
strm_2_statm_1_covm_7_clint_pooled_covs_unchanged,covsamba,5.431013421749987,25.017772199755782,-12298.280621370688,FALSE,4.448715332265662,18.772250205922592,0.6666666666666666,1,1,FALSE,712.448,Intel® Xeon® W9-3475X (36 cores),125.3 GiB,Linux 64-bit,5.3.18-150300.59.106-default
strm_2_statm_1_covm_8_clint_pooled_covs_unchanged,cossac,5.384755394168061,24.97134676137056,-12690.729878753227,FALSE,4.256746087474379,18.7498805209223,1,1,1,FALSE,5993.476,Intel® Xeon® W9-3475X (36 cores),125.3 GiB,Linux 64-bit,5.3.18-150300.59.106-default
strm_2_statm_1_covm_8_clint_pooled_covs_unchanged,covsamba,5.3839482521382305,24.92094103089192,-12701.217254170766,FALSE,3.979422408665944,18.591294529582225,1,0.981132075471698,0.5,FALSE,1158.764,Intel® Xeon® W9-3475X (36 cores),125.3 GiB,Linux 64-bit,5.3.18-150300.59.106-default
strm_2_statm_1_covm_9_clint_pooled_covs_unchanged,cossac,5.555482672688245,25.111638717662004,-12502.015140300318,FALSE,4.003716434404068,18.44551037892746,0.5,1,1,FALSE,4952.592,Intel® Xeon® W9-3475X (36 cores),125.3 GiB,Linux 64-bit,5.3.18-150300.59.106-default
strm_2_statm_1_covm_9_clint_pooled_covs_unchanged,covsamba,5.392280409019923,24.91668144666777,-12552.380022453784,FALSE,4.686383593707106,18.89499595286475,1,0.9807692307692308,0.6666666666666666,FALSE,1175.323,Intel® Xeon® W9-3475X (36 cores),125.3 GiB,Linux 64-bit,5.3.18-150300.59.106-default
strm_2_statm_1_covm_10_clint_pooled_covs_unchanged,cossac,5.453843767578277,25.072895448251536,-12354.128119805802,FALSE,4.117202159507373,18.66735931181712,0.3333333333333333,1,1,FALSE,8019.98,Intel® Xeon® W9-3475X (36 cores),125.3 GiB,Linux 64-bit,5.3.18-150300.59.106-default
strm_2_statm_1_covm_10_clint_pooled_covs_unchanged,covsamba,5.408343252099254,24.978354914753513,-12359.462491383096,FALSE,4.651846687777536,18.91526035393373,1,1,1,FALSE,1176.616,Intel® Xeon® W9-3475X (36 cores),125.3 GiB,Linux 64-bit,5.3.18-150300.59.106-default
strm_2_statm_1_covm_11_clint_pooled_covs_unchanged,cossac,5.348159502365822,25.118646408526036,-9722.4389536797,FALSE,3.650298423883206,18.670234992629197,1,1,1,FALSE,8863.428,Intel® Xeon® W9-3475X (36 cores),125.3 GiB,Linux 64-bit,5.3.18-150300.59.106-default
strm_2_statm_1_covm_11_clint_pooled_covs_unchanged,covsamba,5.316907312197017,25.057599214943636,-9735.214415276369,FALSE,3.0846877323559707,18.399422162616787,1,0.981132075471698,0.5,FALSE,1174.964,Intel® Xeon® W9-3475X (36 cores),125.3 GiB,Linux 64-bit,5.3.18-150300.59.106-default
strm_2_statm_1_covm_12_clint_pooled_covs_unchanged,cossac,5.414400131412257,25.09818404878132,-10966.583610128118,FALSE,3.6028291738439773,18.654631176432687,0.5,1,1,FALSE,7410.61,Intel® Xeon® W9-3475X (36 cores),125.3 GiB,Linux 64-bit,5.3.18-150300.59.106-default
strm_2_statm_1_covm_12_clint_pooled_covs_unchanged,covsamba,5.298515262114388,24.977320259286905,-10996.340528966415,FALSE,3.6301967875985226,18.738191304357805,1,1,1,FALSE,1129.676,Intel® Xeon® W9-3475X (36 cores),125.3 GiB,Linux 64-bit,5.3.18-150300.59.106-default
strm_2_statm_1_covm_13_clint_pooled_covs_unchanged,cossac,5.383726566646525,25.091762257726923,-11308.496451671974,FALSE,4.356374431037301,19.113383243995287,0.3333333333333333,1,1,FALSE,9863.606,Intel® Xeon® W9-3475X (36 cores),125.3 GiB,Linux 64-bit,5.3.18-150300.59.106-default
strm_2_statm_1_covm_13_clint_pooled_covs_unchanged,covsamba,5.332420630760634,25.00660216548968,-11297.23184567684,FALSE,3.5642537664074303,18.663176469435733,0.6666666666666666,1,1,FALSE,1164.994,Intel® Xeon® W9-3475X (36 cores),125.3 GiB,Linux 64-bit,5.3.18-150300.59.106-default
strm_2_statm_1_covm_14_clint_pooled_covs_unchanged,cossac,7.319770522209621,26.9016795346296,-12185.580560486198,FALSE,5.414611337843725,19.51888000247594,0,1,NA,FALSE,5084.745,Intel® Xeon® W9-3475X (36 cores),125.3 GiB,Linux 64-bit,5.3.18-150300.59.106-default
strm_2_statm_1_covm_14_clint_pooled_covs_unchanged,covsamba,7.28150265118629,26.82227993355466,-12207.582074612646,FALSE,6.005191955104191,19.821271659832263,0,0.981132075471698,0,FALSE,1133.454,Intel® Xeon® W9-3475X (36 cores),125.3 GiB,Linux 64-bit,5.3.18-150300.59.106-default
strm_2_statm_1_covm_15_clint_pooled_covs_unchanged,cossac,6.447706600039211,25.837401165621753,-12537.606287299564,FALSE,4.360899591513707,18.664984281502935,0,1,NA,FALSE,7925.377,Intel® Xeon® W9-3475X (36 cores),125.3 GiB,Linux 64-bit,5.3.18-150300.59.106-default
strm_2_statm_1_covm_15_clint_pooled_covs_unchanged,covsamba,6.19713676183239,25.53824228174136,-12634.94230468198,FALSE,4.8629537896745365,18.97662831955135,0.5,0.9807692307692308,0.5,FALSE,1149.062,Intel® Xeon® W9-3475X (36 cores),125.3 GiB,Linux 64-bit,5.3.18-150300.59.106-default
strm_2_statm_1_covm_16_clint_pooled_covs_unchanged,cossac,6.990484209459155,26.310134136831092,-12506.82646887766,FALSE,5.128476865618451,18.951204741770457,0,1,NA,FALSE,7811.122,Intel® Xeon® W9-3475X (36 cores),125.3 GiB,Linux 64-bit,5.3.18-150300.59.106-default
strm_2_statm_1_covm_16_clint_pooled_covs_unchanged,covsamba,7.771759621313437,26.98254476682312,-12471.161485943216,FALSE,6.555195194972667,19.81612905297518,0,0.9807692307692308,0,FALSE,1142.647,Intel® Xeon® W9-3475X (36 cores),125.3 GiB,Linux 64-bit,5.3.18-150300.59.106-default
strm_2_statm_1_covm_17_clint_pooled_covs_unchanged,cossac,6.744667982214756,26.075071555949297,-12628.915582695468,FALSE,3.845369674262141,18.286430974329743,0,1,NA,FALSE,8008.633,Intel® Xeon® W9-3475X (36 cores),125.3 GiB,Linux 64-bit,5.3.18-150300.59.106-default
strm_2_statm_1_covm_17_clint_pooled_covs_unchanged,covsamba,6.843767014438342,26.08740850256572,-12678.968762638053,FALSE,5.0597779729587264,18.92925235960658,0.3333333333333333,1,1,FALSE,1146.019,Intel® Xeon® W9-3475X (36 cores),125.3 GiB,Linux 64-bit,5.3.18-150300.59.106-default
strm_2_statm_1_covm_18_clint_pooled_covs_unchanged,cossac,5.566192538403551,25.09617777345049,-12512.357450036629,FALSE,3.2994214753641073,18.074026159875643,0.3333333333333333,1,1,FALSE,9034.062,Intel® Xeon® W9-3475X (36 cores),125.3 GiB,Linux 64-bit,5.3.18-150300.59.106-default
strm_2_statm_1_covm_18_clint_pooled_covs_unchanged,covsamba,5.907990620282015,25.28576043701733,-12570.460765887625,FALSE,5.478311224122396,19.25130765016676,0.6666666666666666,1,1,FALSE,1118.463,Intel® Xeon® W9-3475X (36 cores),125.3 GiB,Linux 64-bit,5.3.18-150300.59.106-default
strm_2_statm_1_covm_19_clint_pooled_covs_unchanged,cossac,5.570674244134151,25.084770660764132,-12801.91817295852,FALSE,3.9089079920357137,18.08036808117142,0,0.9803921568627452,0,FALSE,8151.39,Intel® Xeon® W9-3475X (36 cores),125.3 GiB,Linux 64-bit,5.3.18-150300.59.106-default
strm_2_statm_1_covm_19_clint_pooled_covs_unchanged,covsamba,5.663922911014377,25.074640176621717,-12643.191391112156,FALSE,6.035818915596474,19.373369550924348,0,1,NA,FALSE,1105.502,Intel® Xeon® W9-3475X (36 cores),125.3 GiB,Linux 64-bit,5.3.18-150300.59.106-default
strm_2_statm_1_covm_20_clint_pooled_covs_unchanged,cossac,5.4023629946749825,24.972466948124985,-13121.634644510776,FALSE,4.818568473238414,19.064382426960663,1,1,1,TRUE,9203.059,Intel® Xeon® W9-3475X (36 cores),125.3 GiB,Linux 64-bit,5.3.18-150300.59.106-default
strm_2_statm_1_covm_20_clint_pooled_covs_unchanged,covsamba,5.383397421625117,24.9040363282892,-13130.527130941702,FALSE,4.201881491069646,18.70583966121592,1,0.981132075471698,0.5,FALSE,1156.485,Intel® Xeon® W9-3475X (36 cores),125.3 GiB,Linux 64-bit,5.3.18-150300.59.106-default
strm_2_statm_1_covm_21_clint_pooled_covs_unchanged,cossac,6.183019296931323,25.776198733214876,-12792.300374890066,FALSE,3.5434482417005366,18.117083244757,0.5,1,1,FALSE,10589.004,Intel® Xeon® W9-3475X (36 cores),125.3 GiB,Linux 64-bit,5.3.18-150300.59.106-default
strm_2_statm_1_covm_21_clint_pooled_covs_unchanged,covsamba,5.37881390840814,24.95906956856087,-13113.16167298539,FALSE,3.953082630170937,18.38710190610741,1,1,1,TRUE,1167.644,Intel® Xeon® W9-3475X (36 cores),125.3 GiB,Linux 64-bit,5.3.18-150300.59.106-default
strm_2_statm_1_covm_22_clint_pooled_covs_unchanged,cossac,5.6107642325761775,25.309421998841668,-12482.094057667258,FALSE,3.70150513742933,18.470211696645674,0.3333333333333333,1,1,FALSE,7818.251,Intel® Xeon® W9-3475X (36 cores),125.3 GiB,Linux 64-bit,5.3.18-150300.59.106-default
strm_2_statm_1_covm_22_clint_pooled_covs_unchanged,covsamba,5.4071264406318935,25.00173220836471,-12541.771677690009,FALSE,4.612577453273227,18.867087097065024,1,1,1,TRUE,1187.193,Intel® Xeon® W9-3475X (36 cores),125.3 GiB,Linux 64-bit,5.3.18-150300.59.106-default
strm_2_statm_1_covm_23_clint_pooled_covs_unchanged,cossac,5.410333646024624,25.028229528245028,-12414.177173236889,FALSE,3.6447246258902104,18.486871714389235,1,1,1,TRUE,10128.332,Intel® Xeon® W9-3475X (36 cores),125.3 GiB,Linux 64-bit,5.3.18-150300.59.106-default
strm_2_statm_1_covm_23_clint_pooled_covs_unchanged,covsamba,5.383590726358913,24.936490522273232,-12426.937341435072,FALSE,3.6257065704424862,18.453798200723643,1,0.981132075471698,0.5,FALSE,1104.65,Intel® Xeon® W9-3475X (36 cores),125.3 GiB,Linux 64-bit,5.3.18-150300.59.106-default
strm_2_statm_1_covm_24_clint_pooled_covs_unchanged,cossac,5.491092720060441,25.050357422280143,-12379.855039909162,FALSE,4.087831248866043,18.557640783423796,0.5,1,1,FALSE,7527.374,Intel® Xeon® W9-3475X (36 cores),125.3 GiB,Linux 64-bit,5.3.18-150300.59.106-default
strm_2_statm_1_covm_24_clint_pooled_covs_unchanged,covsamba,5.3837309878733395,24.959498813883137,-12395.50264464327,FALSE,3.753006806167576,18.4391584029046,1,1,1,TRUE,1116.18,Intel® Xeon® W9-3475X (36 cores),125.3 GiB,Linux 64-bit,5.3.18-150300.59.106-default
strm_2_statm_1_covm_25_clint_pooled_covs_unchanged,cossac,5.436758629221895,25.057152276288043,-12201.108582348012,FALSE,3.978453266200429,18.631381265828423,0.3333333333333333,1,1,FALSE,9014.245,Intel® Xeon® W9-3475X (36 cores),125.3 GiB,Linux 64-bit,5.3.18-150300.59.106-default
strm_2_statm_1_covm_25_clint_pooled_covs_unchanged,covsamba,5.436758629221895,25.057152276288043,-12201.108582348012,FALSE,3.978453266200429,18.631381265828423,0.3333333333333333,1,1,FALSE,1248.131,Intel® Xeon® W9-3475X (36 cores),125.3 GiB,Linux 64-bit,5.3.18-150300.59.106-default
strm_2_statm_1_covm_26_clint_pooled_covs_unchanged,cossac,5.450144882379406,25.102677845462026,-12658.799924477597,FALSE,5.295877225711277,20.033721118036972,0.5,1,1,FALSE,6229.928,Intel® Xeon® W9-3475X (36 cores),125.3 GiB,Linux 64-bit,5.3.18-150300.59.106-default
strm_2_statm_1_covm_26_clint_pooled_covs_unchanged,covsamba,5.374830996785374,25.021702246015355,-12670.365307727145,FALSE,3.9649930435756513,19.303926318494312,0.5,0.9807692307692308,0.5,FALSE,1147.598,Intel® Xeon® W9-3475X (36 cores),125.3 GiB,Linux 64-bit,5.3.18-150300.59.106-default
strm_2_statm_1_covm_27_clint_pooled_covs_unchanged,cossac,5.4425701370692305,25.076705569605984,-12359.934456161924,FALSE,5.084918743825953,19.882987490121057,0.3333333333333333,1,1,FALSE,8536.305,Intel® Xeon® W9-3475X (36 cores),125.3 GiB,Linux 64-bit,5.3.18-150300.59.106-default
strm_2_statm_1_covm_27_clint_pooled_covs_unchanged,covsamba,5.4425701370692305,25.076705569605984,-12359.934456161924,FALSE,5.084918743825953,19.882987490121057,0.3333333333333333,1,1,FALSE,1260.691,Intel® Xeon® W9-3475X (36 cores),125.3 GiB,Linux 64-bit,5.3.18-150300.59.106-default
strm_2_statm_1_covm_28_clint_pooled_covs_unchanged,cossac,5.402329267905055,25.064530922578953,-12116.832446932936,FALSE,4.830616135125135,19.822763477364106,0.25,1,1,FALSE,10648.01,Intel® Xeon® W9-3475X (36 cores),125.3 GiB,Linux 64-bit,5.3.18-150300.59.106-default
strm_2_statm_1_covm_28_clint_pooled_covs_unchanged,covsamba,5.402329267905055,25.064530922578953,-12116.832446932936,FALSE,4.830616135125135,19.822763477364106,0.25,1,1,FALSE,1294.782,Intel® Xeon® W9-3475X (36 cores),125.3 GiB,Linux 64-bit,5.3.18-150300.59.106-default
strm_2_statm_1_covm_29_clint_pooled_covs_unchanged,cossac,5.453452931432478,24.99165538532203,-12365.878286845573,FALSE,4.432177646595524,18.82830484497283,0.25,1,1,FALSE,6835.511,Intel® Xeon® W9-3475X (36 cores),125.3 GiB,Linux 64-bit,5.3.18-150300.59.106-default
strm_2_statm_1_covm_29_clint_pooled_covs_unchanged,covsamba,5.3520225043553005,24.847711535963168,-12371.80108094408,FALSE,4.8068750793856685,19.076385525526693,0.5,0.98,0.6666666666666666,FALSE,1163.476,Intel® Xeon® W9-3475X (36 cores),125.3 GiB,Linux 64-bit,5.3.18-150300.59.106-default
strm_2_statm_1_covm_30_clint_pooled_covs_unchanged,cossac,5.340802624013919,24.89758361145703,-12111.737874084714,FALSE,3.8626108644969097,18.597294651518144,0.16666666666666666,1,1,FALSE,4251.168,Intel® Xeon® W9-3475X (36 cores),125.3 GiB,Linux 64-bit,5.3.18-150300.59.106-default
strm_2_statm_1_covm_30_clint_pooled_covs_unchanged,covsamba,5.340802624013919,24.89758361145703,-12111.737874084714,FALSE,3.8626108644969097,18.597294651518144,0.16666666666666666,1,1,FALSE,1103.754,Intel® Xeon® W9-3475X (36 cores),125.3 GiB,Linux 64-bit,5.3.18-150300.59.106-default
strm_2_statm_1_covm_31_clint_pooled_covs_unchanged,cossac,5.401321766062752,25.111687929448852,-12648.705110217828,FALSE,4.083645421227132,19.365304065181103,0.3333333333333333,1,1,FALSE,13692.144,Intel® Xeon® W9-3475X (36 cores),125.3 GiB,Linux 64-bit,5.3.18-150300.59.106-default
strm_2_statm_1_covm_31_clint_pooled_covs_unchanged,covsamba,5.38181363659558,25.026574178893224,-12666.109777902187,FALSE,4.621317735689315,19.619382295395855,0.3333333333333333,0.9803921568627452,0.5,FALSE,1731.537,Intel® Xeon® W9-3475X (36 cores),125.3 GiB,Linux 64-bit,5.3.18-150300.59.106-default
strm_2_statm_1_covm_32_clint_pooled_covs_unchanged,cossac,5.420036916401215,25.02399963257285,-12356.096452163752,FALSE,3.1548482884073845,18.224300110684887,0.16666666666666666,1,1,FALSE,9962.648,Intel® Xeon® W9-3475X (36 cores),125.3 GiB,Linux 64-bit,5.3.18-150300.59.106-default
strm_2_statm_1_covm_32_clint_pooled_covs_unchanged,covsamba,5.368592536698902,24.90646477736963,-12371.032716973736,FALSE,4.181731159898053,18.881226294811015,0.3333333333333333,0.9791666666666666,0.6666666666666666,FALSE,1645.995,Intel® Xeon® W9-3475X (36 cores),125.3 GiB,Linux 64-bit,5.3.18-150300.59.106-default
strm_2_statm_2_covm_1_clint_pooled_covs_unchanged,cossac,5.631738401892134,24.486157855673557,-11120.638706824153,FALSE,2.0407584180071425,18.680672561147972,NA,0.9814814814814816,0,FALSE,8041.428,Intel® Xeon® W9-3475X (36 cores),125.3 GiB,Linux 64-bit,5.3.18-150300.59.106-default
strm_2_statm_2_covm_1_clint_pooled_covs_unchanged,covsamba,5.675269402757775,24.541969110890477,-11111.199216660803,FALSE,2.1787941590316287,18.67816892612487,NA,1,NA,TRUE,1134.665,Intel® Xeon® W9-3475X (36 cores),125.3 GiB,Linux 64-bit,5.3.18-150300.59.106-default
strm_2_statm_2_covm_2_clint_pooled_covs_unchanged,cossac,5.623208890773061,24.44902352662661,-11882.947127374757,FALSE,2.1357168524913988,18.61524259722327,1,1,1,TRUE,5709.909,Intel® Xeon® W9-3475X (36 cores),125.3 GiB,Linux 64-bit,5.3.18-150300.59.106-default
strm_2_statm_2_covm_2_clint_pooled_covs_unchanged,covsamba,5.623208890773061,24.44902352662661,-11882.947127374757,FALSE,2.1357168524913988,18.61524259722327,1,1,1,TRUE,1180.168,Intel® Xeon® W9-3475X (36 cores),125.3 GiB,Linux 64-bit,5.3.18-150300.59.106-default
strm_2_statm_2_covm_4_clint_pooled_covs_unchanged,cossac,5.703268812626945,24.607768220064177,-11475.827506845337,FALSE,1.8281778602554069,18.493292120021817,0.3333333333333333,1,1,FALSE,7239.292,Intel® Xeon® W9-3475X (36 cores),125.3 GiB,Linux 64-bit,5.3.18-150300.59.106-default
strm_2_statm_2_covm_4_clint_pooled_covs_unchanged,covsamba,5.678637988245392,24.62267566784993,-11487.135971886257,FALSE,1.7901507428448409,18.533370252866057,0.3333333333333333,0.9803921568627452,0.5,FALSE,1149.087,Intel® Xeon® W9-3475X (36 cores),125.3 GiB,Linux 64-bit,5.3.18-150300.59.106-default
strm_2_statm_2_covm_5_clint_pooled_covs_unchanged,cossac,5.647306968711894,24.479825572342964,-11673.647947582467,FALSE,1.7539343878362943,18.54318190858848,1,1,1,TRUE,9400.182,Intel® Xeon® W9-3475X (36 cores),125.3 GiB,Linux 64-bit,5.3.18-150300.59.106-default
strm_2_statm_2_covm_5_clint_pooled_covs_unchanged,covsamba,5.647306968711894,24.479825572342964,-11673.647947582467,FALSE,1.7539343878362943,18.54318190858848,1,1,1,TRUE,1144.46,Intel® Xeon® W9-3475X (36 cores),125.3 GiB,Linux 64-bit,5.3.18-150300.59.106-default
strm_2_statm_2_covm_6_clint_pooled_covs_unchanged,cossac,5.712941856963699,24.577602460498397,-11563.444851404192,FALSE,2.0284537941743612,18.502499908734112,0.5,1,1,FALSE,9467.452,Intel® Xeon® W9-3475X (36 cores),125.3 GiB,Linux 64-bit,5.3.18-150300.59.106-default
strm_2_statm_2_covm_6_clint_pooled_covs_unchanged,covsamba,5.648073047508903,24.534880476383268,-11600.300768558996,FALSE,2.3110355880993847,18.680768372378243,1,1,1,FALSE,1162.547,Intel® Xeon® W9-3475X (36 cores),125.3 GiB,Linux 64-bit,5.3.18-150300.59.106-default
strm_2_statm_2_covm_7_clint_pooled_covs_unchanged,cossac,5.662407309257662,24.58672339291135,-11433.449323877878,FALSE,1.7609731487243148,18.47312180092317,0.3333333333333333,1,1,FALSE,7206.741,Intel® Xeon® W9-3475X (36 cores),125.3 GiB,Linux 64-bit,5.3.18-150300.59.106-default
strm_2_statm_2_covm_7_clint_pooled_covs_unchanged,covsamba,5.662407309257662,24.58672339291135,-11433.449323877878,FALSE,1.7609731487243148,18.47312180092317,0.3333333333333333,1,1,FALSE,1110.021,Intel® Xeon® W9-3475X (36 cores),125.3 GiB,Linux 64-bit,5.3.18-150300.59.106-default
strm_2_statm_2_covm_8_clint_pooled_covs_unchanged,cossac,5.607620780153074,24.43639964068231,-11805.151019763358,FALSE,2.319103360292078,18.68957678183339,1,1,1,FALSE,7349.073,Intel® Xeon® W9-3475X (36 cores),125.3 GiB,Linux 64-bit,5.3.18-150300.59.106-default
strm_2_statm_2_covm_8_clint_pooled_covs_unchanged,covsamba,5.834924532398453,24.68504901207703,-11869.60812689679,FALSE,2.2425504100004283,18.695778097904636,1,1,1,FALSE,1686.969,Intel® Xeon® W9-3475X (36 cores),125.3 GiB,Linux 64-bit,5.3.18-150300.59.106-default
strm_2_statm_2_covm_9_clint_pooled_covs_unchanged,cossac,5.740113035375264,24.57453070597911,-11612.528624861869,FALSE,2.324466509486945,18.570275920176492,0.5,1,1,FALSE,9088.41,Intel® Xeon® W9-3475X (36 cores),125.3 GiB,Linux 64-bit,5.3.18-150300.59.106-default
strm_2_statm_2_covm_9_clint_pooled_covs_unchanged,covsamba,5.655404337725659,24.519673352540384,-11660.141792802458,FALSE,2.157239305907288,18.617437353981103,1,1,1,FALSE,1195.505,Intel® Xeon® W9-3475X (36 cores),125.3 GiB,Linux 64-bit,5.3.18-150300.59.106-default
strm_2_statm_2_covm_10_clint_pooled_covs_unchanged,cossac,5.704161748384937,24.6148249457976,-11479.227614675488,FALSE,2.2603997296365885,18.637311763541504,0.3333333333333333,1,1,FALSE,7568.441,Intel® Xeon® W9-3475X (36 cores),125.3 GiB,Linux 64-bit,5.3.18-150300.59.106-default
strm_2_statm_2_covm_10_clint_pooled_covs_unchanged,covsamba,5.653252869250179,24.577052839955073,-11476.969377423196,FALSE,1.7968022386533822,18.53247569349544,0.3333333333333333,0.9803921568627452,0.5,FALSE,1165.652,Intel® Xeon® W9-3475X (36 cores),125.3 GiB,Linux 64-bit,5.3.18-150300.59.106-default
strm_2_statm_2_covm_11_clint_pooled_covs_unchanged,cossac,5.485221659185935,24.533824512343823,-9105.09843427062,FALSE,1.6273802013412706,18.953595180900493,1,1,1,FALSE,5551.495,Intel® Xeon® W9-3475X (36 cores),125.3 GiB,Linux 64-bit,5.3.18-150300.59.106-default
strm_2_statm_2_covm_11_clint_pooled_covs_unchanged,covsamba,5.485221659185935,24.533824512343823,-9105.09843427062,FALSE,1.6273802013412706,18.953595180900493,1,1,1,FALSE,1124.245,Intel® Xeon® W9-3475X (36 cores),125.3 GiB,Linux 64-bit,5.3.18-150300.59.106-default
strm_2_statm_2_covm_12_clint_pooled_covs_unchanged,cossac,5.593855917383155,24.5206657996087,-10212.8380598757,FALSE,2.127815950996831,18.971797253270022,0.5,1,1,FALSE,10930.453,Intel® Xeon® W9-3475X (36 cores),125.3 GiB,Linux 64-bit,5.3.18-150300.59.106-default
strm_2_statm_2_covm_12_clint_pooled_covs_unchanged,covsamba,5.572297054618418,24.4375579321511,-10219.566014661095,FALSE,2.377465267845278,19.141439847742195,1,1,1,FALSE,1200.331,Intel® Xeon® W9-3475X (36 cores),125.3 GiB,Linux 64-bit,5.3.18-150300.59.106-default
strm_2_statm_2_covm_13_clint_pooled_covs_unchanged,cossac,5.630203767718022,24.580866410049293,-10507.606766890864,FALSE,1.4176673371216566,18.75134346785268,0.3333333333333333,1,1,FALSE,16271.296,Intel® Xeon® W9-3475X (36 cores),125.3 GiB,Linux 64-bit,5.3.18-150300.59.106-default
strm_2_statm_2_covm_13_clint_pooled_covs_unchanged,covsamba,5.630203767718022,24.580866410049293,-10507.606766890864,FALSE,1.4176673371216566,18.75134346785268,0.3333333333333333,1,1,FALSE,1105.271,Intel® Xeon® W9-3475X (36 cores),125.3 GiB,Linux 64-bit,5.3.18-150300.59.106-default
strm_2_statm_2_covm_14_clint_pooled_covs_unchanged,cossac,7.114494430923951,26.260063726920094,-11436.047281549974,FALSE,3.8151262079087305,19.658071611791232,0,1,NA,FALSE,8707.885,Intel® Xeon® W9-3475X (36 cores),125.3 GiB,Linux 64-bit,5.3.18-150300.59.106-default
strm_2_statm_2_covm_14_clint_pooled_covs_unchanged,covsamba,7.625035820809995,26.885420410294554,-11468.632299569195,FALSE,4.470976227613581,20.089256944256903,0,1,NA,FALSE,1188.413,Intel® Xeon® W9-3475X (36 cores),125.3 GiB,Linux 64-bit,5.3.18-150300.59.106-default
strm_2_statm_2_covm_15_clint_pooled_covs_unchanged,cossac,6.466125149019282,25.248398965039858,-11699.681799670869,FALSE,2.3084409568672237,18.674592984499895,0,1,NA,FALSE,10156.009,Intel® Xeon® W9-3475X (36 cores),125.3 GiB,Linux 64-bit,5.3.18-150300.59.106-default
strm_2_statm_2_covm_15_clint_pooled_covs_unchanged,covsamba,6.3148340927065005,25.114242974511853,-11778.189457585991,FALSE,3.1543489920053895,19.086676219137303,0.5,1,1,FALSE,1809.151,Intel® Xeon® W9-3475X (36 cores),125.3 GiB,Linux 64-bit,5.3.18-150300.59.106-default
strm_2_statm_2_covm_16_clint_pooled_covs_unchanged,cossac,7.007018038713916,25.81217210312927,-11654.417911401662,FALSE,4.048635546608974,19.41821298477645,0,1,NA,FALSE,10737.683,Intel® Xeon® W9-3475X (36 cores),125.3 GiB,Linux 64-bit,5.3.18-150300.59.106-default
strm_2_statm_2_covm_16_clint_pooled_covs_unchanged,covsamba,8.094135656856354,27.08476634297732,-11679.975231923629,FALSE,5.294202928729474,20.24055145456235,0,1,NA,FALSE,1163.799,Intel® Xeon® W9-3475X (36 cores),125.3 GiB,Linux 64-bit,5.3.18-150300.59.106-default
strm_2_statm_2_covm_17_clint_pooled_covs_unchanged,cossac,6.778757218603686,25.50870132857728,-11786.347052221605,FALSE,3.073647556346669,18.89250061336477,0,1,NA,FALSE,9083.931,Intel® Xeon® W9-3475X (36 cores),125.3 GiB,Linux 64-bit,5.3.18-150300.59.106-default
strm_2_statm_2_covm_17_clint_pooled_covs_unchanged,covsamba,7.322678512995918,26.11804165039243,-11868.686902433225,FALSE,4.22340852518103,19.55112357712076,0.3333333333333333,1,1,FALSE,1687.439,Intel® Xeon® W9-3475X (36 cores),125.3 GiB,Linux 64-bit,5.3.18-150300.59.106-default
strm_2_statm_2_covm_18_clint_pooled_covs_unchanged,cossac,5.757986605027706,24.538289782005947,-11598.041368959615,FALSE,2.330340485569955,18.593492794109956,0.3333333333333333,1,1,FALSE,10109.241,Intel® Xeon® W9-3475X (36 cores),125.3 GiB,Linux 64-bit,5.3.18-150300.59.106-default
strm_2_statm_2_covm_18_clint_pooled_covs_unchanged,covsamba,6.048946554005544,24.843383550939517,-11692.437386902944,FALSE,2.5324948358704336,18.797254229354348,0.6666666666666666,1,1,FALSE,1233.601,Intel® Xeon® W9-3475X (36 cores),125.3 GiB,Linux 64-bit,5.3.18-150300.59.106-default
strm_2_statm_2_covm_19_clint_pooled_covs_unchanged,cossac,5.819879620880678,24.59561263154582,-11859.82001068761,FALSE,2.6482676015169706,18.565954225635707,0,0.9803921568627452,0,FALSE,7808.283,Intel® Xeon® W9-3475X (36 cores),125.3 GiB,Linux 64-bit,5.3.18-150300.59.106-default
strm_2_statm_2_covm_19_clint_pooled_covs_unchanged,covsamba,6.7151810934438645,25.56354306693404,-12110.26987441308,FALSE,2.972368956874681,18.71742955481051,0,0.9607843137254902,0,FALSE,1092.739,Intel® Xeon® W9-3475X (36 cores),125.3 GiB,Linux 64-bit,5.3.18-150300.59.106-default
strm_2_statm_2_covm_20_clint_pooled_covs_unchanged,cossac,5.606880826304509,24.440054554369077,-12186.768203886872,FALSE,2.067341313718062,18.573546088522004,1,1,1,TRUE,10607.807,Intel® Xeon® W9-3475X (36 cores),125.3 GiB,Linux 64-bit,5.3.18-150300.59.106-default
strm_2_statm_2_covm_20_clint_pooled_covs_unchanged,covsamba,5.606880826304509,24.440054554369077,-12186.768203886872,FALSE,2.067341313718062,18.573546088522004,1,1,1,TRUE,1119.71,Intel® Xeon® W9-3475X (36 cores),125.3 GiB,Linux 64-bit,5.3.18-150300.59.106-default
strm_2_statm_2_covm_21_clint_pooled_covs_unchanged,cossac,6.20702942892672,25.052610335104124,-11909.538505567249,FALSE,2.466771399068294,18.533061831415697,0.5,1,1,FALSE,8966.363,Intel® Xeon® W9-3475X (36 cores),125.3 GiB,Linux 64-bit,5.3.18-150300.59.106-default
strm_2_statm_2_covm_21_clint_pooled_covs_unchanged,covsamba,5.647570510624074,24.503188868781805,-12150.023949857645,FALSE,2.590359764377536,18.574866266164346,1,0.9807692307692308,0.6666666666666666,FALSE,1176.128,Intel® Xeon® W9-3475X (36 cores),125.3 GiB,Linux 64-bit,5.3.18-150300.59.106-default
strm_2_statm_2_covm_22_clint_pooled_covs_unchanged,cossac,5.771002040058186,24.706485736547407,-11602.661616365162,FALSE,1.8169175260063537,18.41970604124946,0.3333333333333333,1,1,FALSE,8537.944,Intel® Xeon® W9-3475X (36 cores),125.3 GiB,Linux 64-bit,5.3.18-150300.59.106-default
strm_2_statm_2_covm_22_clint_pooled_covs_unchanged,covsamba,5.639803979007704,24.50336062665572,-11611.736035979293,FALSE,2.1623737306001543,18.615860854864703,1,1,1,TRUE,1123.269,Intel® Xeon® W9-3475X (36 cores),125.3 GiB,Linux 64-bit,5.3.18-150300.59.106-default
strm_2_statm_2_covm_23_clint_pooled_covs_unchanged,cossac,5.593436967237656,24.44346096911149,-11521.078216098573,FALSE,1.6842078997149093,18.4656350364823,1,1,1,TRUE,6994.154,Intel® Xeon® W9-3475X (36 cores),125.3 GiB,Linux 64-bit,5.3.18-150300.59.106-default
strm_2_statm_2_covm_23_clint_pooled_covs_unchanged,covsamba,5.593436967237656,24.44346096911149,-11521.078216098573,FALSE,1.6842078997149093,18.4656350364823,1,1,1,TRUE,1217.041,Intel® Xeon® W9-3475X (36 cores),125.3 GiB,Linux 64-bit,5.3.18-150300.59.106-default
strm_2_statm_2_covm_24_clint_pooled_covs_unchanged,cossac,5.686902986212205,24.538737549035236,-11485.946234105582,FALSE,1.9213305213370724,18.49936380161845,0.5,1,1,FALSE,10329.323,Intel® Xeon® W9-3475X (36 cores),125.3 GiB,Linux 64-bit,5.3.18-150300.59.106-default
strm_2_statm_2_covm_24_clint_pooled_covs_unchanged,covsamba,5.64452474422371,24.510265634363655,-11502.13043888623,FALSE,2.154645582617852,18.639800073024677,1,1,1,TRUE,1186.209,Intel® Xeon® W9-3475X (36 cores),125.3 GiB,Linux 64-bit,5.3.18-150300.59.106-default
strm_2_statm_2_covm_25_clint_pooled_covs_unchanged,cossac,5.643939535063442,24.50856488818468,-11318.413291770465,FALSE,1.9930703556076903,18.59293632443452,0.3333333333333333,1,1,FALSE,8174.843,Intel® Xeon® W9-3475X (36 cores),125.3 GiB,Linux 64-bit,5.3.18-150300.59.106-default
strm_2_statm_2_covm_25_clint_pooled_covs_unchanged,covsamba,5.643939535063442,24.50856488818468,-11318.413291770465,FALSE,1.9930703556076903,18.59293632443452,0.3333333333333333,1,1,FALSE,1149.248,Intel® Xeon® W9-3475X (36 cores),125.3 GiB,Linux 64-bit,5.3.18-150300.59.106-default
strm_2_statm_2_covm_26_clint_pooled_covs_unchanged,cossac,5.818197672082717,23.84165343411459,-11609.807643820735,FALSE,2.927482078120725,19.191045201095815,0.5,1,1,FALSE,18799.625,Intel® Xeon® W9-3475X (36 cores),125.3 GiB,Linux 64-bit,5.3.18-150300.59.106-default
strm_2_statm_2_covm_26_clint_pooled_covs_unchanged,covsamba,5.818197672082717,23.84165343411459,-11609.807643820735,FALSE,2.927482078120725,19.191045201095815,0.5,1,1,FALSE,1105.225,Intel® Xeon® W9-3475X (36 cores),125.3 GiB,Linux 64-bit,5.3.18-150300.59.106-default
strm_2_statm_2_covm_27_clint_pooled_covs_unchanged,cossac,5.718027432496717,24.681193204188943,-11464.404635736946,FALSE,1.3229227996340256,18.685735560313557,0.3333333333333333,1,1,FALSE,8401.603,Intel® Xeon® W9-3475X (36 cores),125.3 GiB,Linux 64-bit,5.3.18-150300.59.106-default
strm_2_statm_2_covm_27_clint_pooled_covs_unchanged,covsamba,5.662010704154097,24.49658924945548,-11458.632513592189,FALSE,2.7428111667827566,18.871608284871737,0.6666666666666666,0.9803921568627452,0.6666666666666666,FALSE,1791.066,Intel® Xeon® W9-3475X (36 cores),125.3 GiB,Linux 64-bit,5.3.18-150300.59.106-default
strm_2_statm_2_covm_28_clint_pooled_covs_unchanged,cossac,5.7214666991706835,24.63096869289132,-11237.09530113926,FALSE,2.618213725107268,19.20349510140915,0.25,1,1,FALSE,8506.37,Intel® Xeon® W9-3475X (36 cores),125.3 GiB,Linux 64-bit,5.3.18-150300.59.106-default
strm_2_statm_2_covm_28_clint_pooled_covs_unchanged,covsamba,5.7214666991706835,24.63096869289132,-11237.09530113926,FALSE,2.618213725107268,19.20349510140915,0.25,1,1,FALSE,1149.556,Intel® Xeon® W9-3475X (36 cores),125.3 GiB,Linux 64-bit,5.3.18-150300.59.106-default
strm_2_statm_2_covm_29_clint_pooled_covs_unchanged,cossac,5.716311121874399,24.5153415017482,-11470.29360027416,FALSE,2.3012381071091297,18.7545296350725,0.25,1,1,FALSE,7998.159,Intel® Xeon® W9-3475X (36 cores),125.3 GiB,Linux 64-bit,5.3.18-150300.59.106-default
strm_2_statm_2_covm_29_clint_pooled_covs_unchanged,covsamba,5.656468219703148,24.487901407338853,-11473.64030833599,FALSE,1.856836167091776,18.60848820637648,0.5,1,1,FALSE,1175.94,Intel® Xeon® W9-3475X (36 cores),125.3 GiB,Linux 64-bit,5.3.18-150300.59.106-default
strm_2_statm_2_covm_30_clint_pooled_covs_unchanged,cossac,5.647160504038607,24.494698364633862,-11235.083497444488,FALSE,2.1018542478357123,18.729445946903574,0.16666666666666666,1,1,FALSE,8658.932,Intel® Xeon® W9-3475X (36 cores),125.3 GiB,Linux 64-bit,5.3.18-150300.59.106-default
strm_2_statm_2_covm_30_clint_pooled_covs_unchanged,covsamba,5.647160504038607,24.494698364633862,-11235.083497444488,FALSE,2.1018542478357123,18.729445946903574,0.16666666666666666,1,1,FALSE,1138.439,Intel® Xeon® W9-3475X (36 cores),125.3 GiB,Linux 64-bit,5.3.18-150300.59.106-default
strm_2_statm_2_covm_31_clint_pooled_covs_unchanged,cossac,5.639469926272345,24.493112893039925,-11746.892417387478,FALSE,2.7468907140919785,19.124445942781875,0.3333333333333333,1,1,FALSE,14389.589,Intel® Xeon® W9-3475X (36 cores),125.3 GiB,Linux 64-bit,5.3.18-150300.59.106-default
strm_2_statm_2_covm_31_clint_pooled_covs_unchanged,covsamba,5.639469926272345,24.493112893039925,-11746.892417387478,FALSE,2.7468907140919785,19.124445942781875,0.3333333333333333,1,1,FALSE,1147.779,Intel® Xeon® W9-3475X (36 cores),125.3 GiB,Linux 64-bit,5.3.18-150300.59.106-default
strm_2_statm_2_covm_32_clint_pooled_covs_unchanged,cossac,5.692679802750367,24.54289988421587,-11476.467960419008,FALSE,1.8162003632294068,18.553786424789987,0.16666666666666666,1,1,FALSE,8338.083,Intel® Xeon® W9-3475X (36 cores),125.3 GiB,Linux 64-bit,5.3.18-150300.59.106-default
strm_2_statm_2_covm_32_clint_pooled_covs_unchanged,covsamba,5.692679802750367,24.54289988421587,-11476.467960419008,FALSE,1.8162003632294068,18.553786424789987,0.16666666666666666,1,1,FALSE,1669.104,Intel® Xeon® W9-3475X (36 cores),125.3 GiB,Linux 64-bit,5.3.18-150300.59.106-default
strm_2_statm_3_covm_1_clint_pooled_covs_unchanged,cossac,6.280423847511569,26.976652645119405,-10304.266936637048,FALSE,1.7148821846358642,18.604433038506972,NA,0.9814814814814816,0,FALSE,8572.187,Intel® Xeon® W9-3475X (36 cores),125.3 GiB,Linux 64-bit,5.3.18-150300.59.106-default
strm_2_statm_3_covm_1_clint_pooled_covs_unchanged,covsamba,6.34363542315097,27.200296192551203,-10316.609523447403,FALSE,1.4162414564590682,18.751955253108203,NA,1,NA,TRUE,1247.747,Intel® Xeon® W9-3475X (36 cores),125.3 GiB,Linux 64-bit,5.3.18-150300.59.106-default
strm_2_statm_3_covm_2_clint_pooled_covs_unchanged,cossac,6.347825975923308,27.362343590381872,-10928.594980964168,FALSE,2.649610134123459,19.134726460713033,1,1,1,TRUE,7169.705,Intel® Xeon® W9-3475X (36 cores),125.3 GiB,Linux 64-bit,5.3.18-150300.59.106-default
strm_2_statm_3_covm_2_clint_pooled_covs_unchanged,covsamba,6.347825975923308,27.362343590381872,-10928.594980964168,FALSE,2.649610134123459,19.134726460713033,1,1,1,TRUE,1174.702,Intel® Xeon® W9-3475X (36 cores),125.3 GiB,Linux 64-bit,5.3.18-150300.59.106-default
strm_2_statm_3_covm_4_clint_pooled_covs_unchanged,cossac,6.447411068519246,28.165360118883736,-10667.547646440808,FALSE,1.8112023412449587,18.823558668799716,0.3333333333333333,1,1,FALSE,8766.024,Intel® Xeon® W9-3475X (36 cores),125.3 GiB,Linux 64-bit,5.3.18-150300.59.106-default
strm_2_statm_3_covm_4_clint_pooled_covs_unchanged,covsamba,6.475072465978533,28.362258709482983,-10732.04914604068,FALSE,1.7113351012305889,18.9253519166857,0.3333333333333333,0.9803921568627452,0.5,FALSE,1170.353,Intel® Xeon® W9-3475X (36 cores),125.3 GiB,Linux 64-bit,5.3.18-150300.59.106-default
strm_2_statm_3_covm_5_clint_pooled_covs_unchanged,cossac,6.2729167551830205,27.3337962295524,-10784.093880481752,FALSE,1.8797899957987327,18.887939455339406,1,1,1,TRUE,8998.541,Intel® Xeon® W9-3475X (36 cores),125.3 GiB,Linux 64-bit,5.3.18-150300.59.106-default
strm_2_statm_3_covm_5_clint_pooled_covs_unchanged,covsamba,6.2729167551830205,27.3337962295524,-10784.093880481752,FALSE,1.8797899957987327,18.887939455339406,1,1,1,TRUE,1236.781,Intel® Xeon® W9-3475X (36 cores),125.3 GiB,Linux 64-bit,5.3.18-150300.59.106-default
strm_2_statm_3_covm_6_clint_pooled_covs_unchanged,cossac,6.4507434165594555,28.029993476575644,-10733.00311517945,FALSE,2.099625606677089,18.875277084818897,0.5,1,1,FALSE,7605.794,Intel® Xeon® W9-3475X (36 cores),125.3 GiB,Linux 64-bit,5.3.18-150300.59.106-default
strm_2_statm_3_covm_6_clint_pooled_covs_unchanged,covsamba,6.379963442803681,27.883550054242683,-10687.7794624801,FALSE,1.6988717214636695,18.8605092628155,1,1,1,FALSE,1270.762,Intel® Xeon® W9-3475X (36 cores),125.3 GiB,Linux 64-bit,5.3.18-150300.59.106-default
strm_2_statm_3_covm_7_clint_pooled_covs_unchanged,cossac,6.467735667787215,28.21242298550308,-10595.358570800376,FALSE,1.6161351939178927,18.83671748437869,0.3333333333333333,1,1,FALSE,8805.8,Intel® Xeon® W9-3475X (36 cores),125.3 GiB,Linux 64-bit,5.3.18-150300.59.106-default
strm_2_statm_3_covm_7_clint_pooled_covs_unchanged,covsamba,6.467735667787215,28.21242298550308,-10595.358570800376,FALSE,1.6161351939178927,18.83671748437869,0.3333333333333333,1,1,FALSE,1181.317,Intel® Xeon® W9-3475X (36 cores),125.3 GiB,Linux 64-bit,5.3.18-150300.59.106-default
strm_2_statm_3_covm_8_clint_pooled_covs_unchanged,cossac,6.3940524505676155,27.62713947856778,-10894.134630423585,FALSE,1.4856700015345363,18.78437492966621,1,1,1,FALSE,7769.138,Intel® Xeon® W9-3475X (36 cores),125.3 GiB,Linux 64-bit,5.3.18-150300.59.106-default
strm_2_statm_3_covm_8_clint_pooled_covs_unchanged,covsamba,6.3940524505676155,27.62713947856778,-10894.134630423585,FALSE,1.4856700015345363,18.78437492966621,1,1,1,FALSE,1262.482,Intel® Xeon® W9-3475X (36 cores),125.3 GiB,Linux 64-bit,5.3.18-150300.59.106-default
strm_2_statm_3_covm_9_clint_pooled_covs_unchanged,cossac,6.542884347921338,28.244256996484367,-10758.969941810225,FALSE,1.673847063907938,18.75963602588314,0.5,1,1,FALSE,8389.625,Intel® Xeon® W9-3475X (36 cores),125.3 GiB,Linux 64-bit,5.3.18-150300.59.106-default
strm_2_statm_3_covm_9_clint_pooled_covs_unchanged,covsamba,6.416584789707507,28.03089685483925,-10766.52135959185,FALSE,1.5738862923086767,18.803576375047708,1,1,1,FALSE,1284.762,Intel® Xeon® W9-3475X (36 cores),125.3 GiB,Linux 64-bit,5.3.18-150300.59.106-default
strm_2_statm_3_covm_10_clint_pooled_covs_unchanged,cossac,6.438699311665748,28.13226471188785,-10649.309765110827,FALSE,1.469321766684826,18.751729607488183,0.3333333333333333,1,1,FALSE,8458.691,Intel® Xeon® W9-3475X (36 cores),125.3 GiB,Linux 64-bit,5.3.18-150300.59.106-default
strm_2_statm_3_covm_10_clint_pooled_covs_unchanged,covsamba,6.459701862044278,28.2790698203399,-10709.633742617309,FALSE,1.7899931713890218,18.96146250060608,0.3333333333333333,0.9803921568627452,0.5,FALSE,1203.398,Intel® Xeon® W9-3475X (36 cores),125.3 GiB,Linux 64-bit,5.3.18-150300.59.106-default
strm_2_statm_3_covm_11_clint_pooled_covs_unchanged,cossac,5.916647447862359,25.681681153826823,-8542.856149860687,FALSE,1.0382588849779406,19.193449654125544,1,1,1,FALSE,6730.408,Intel® Xeon® W9-3475X (36 cores),125.3 GiB,Linux 64-bit,5.3.18-150300.59.106-default
strm_2_statm_3_covm_11_clint_pooled_covs_unchanged,covsamba,5.916647447862359,25.681681153826823,-8542.856149860687,FALSE,1.0382588849779406,19.193449654125544,1,1,1,FALSE,1249.026,Intel® Xeon® W9-3475X (36 cores),125.3 GiB,Linux 64-bit,5.3.18-150300.59.106-default
strm_2_statm_3_covm_12_clint_pooled_covs_unchanged,cossac,6.16137402653512,26.721266300499614,-9535.10647334348,FALSE,1.8725779738175556,19.218123929866454,0.5,1,1,FALSE,7381.863,Intel® Xeon® W9-3475X (36 cores),125.3 GiB,Linux 64-bit,5.3.18-150300.59.106-default
strm_2_statm_3_covm_12_clint_pooled_covs_unchanged,covsamba,6.13896942027307,26.581835421130055,-9527.835150136902,FALSE,2.106033080611995,19.38900271458514,1,1,1,FALSE,1238.977,Intel® Xeon® W9-3475X (36 cores),125.3 GiB,Linux 64-bit,5.3.18-150300.59.106-default
strm_2_statm_3_covm_13_clint_pooled_covs_unchanged,cossac,6.260571914317498,27.337718463191496,-9797.17993840677,FALSE,0.6816579667892434,18.891934085125605,0.3333333333333333,1,1,FALSE,7890.01,Intel® Xeon® W9-3475X (36 cores),125.3 GiB,Linux 64-bit,5.3.18-150300.59.106-default
strm_2_statm_3_covm_13_clint_pooled_covs_unchanged,covsamba,6.260571914317498,27.337718463191496,-9797.17993840677,FALSE,0.6816579667892434,18.891934085125605,0.3333333333333333,1,1,FALSE,1158.045,Intel® Xeon® W9-3475X (36 cores),125.3 GiB,Linux 64-bit,5.3.18-150300.59.106-default
strm_2_statm_3_covm_14_clint_pooled_covs_unchanged,cossac,7.879356500187582,29.8781768956484,-10676.618887413582,FALSE,2.744190585280879,19.733597385013994,0,1,NA,FALSE,7181.125,Intel® Xeon® W9-3475X (36 cores),125.3 GiB,Linux 64-bit,5.3.18-150300.59.106-default
strm_2_statm_3_covm_14_clint_pooled_covs_unchanged,covsamba,7.879356500187582,29.8781768956484,-10676.618887413582,FALSE,2.744190585280879,19.733597385013994,0,1,NA,FALSE,1249.501,Intel® Xeon® W9-3475X (36 cores),125.3 GiB,Linux 64-bit,5.3.18-150300.59.106-default
strm_2_statm_3_covm_15_clint_pooled_covs_unchanged,cossac,7.151521207465253,28.32646072124845,-10923.343895163764,FALSE,2.176736813139052,18.99018165387305,0,1,NA,FALSE,13646.794,Intel® Xeon® W9-3475X (36 cores),125.3 GiB,Linux 64-bit,5.3.18-150300.59.106-default
strm_2_statm_3_covm_15_clint_pooled_covs_unchanged,covsamba,7.040202258637324,28.26343119255387,-10965.226018909072,FALSE,2.419188055818519,19.19823274407337,0.5,1,1,FALSE,1215.766,Intel® Xeon® W9-3475X (36 cores),125.3 GiB,Linux 64-bit,5.3.18-150300.59.106-default
strm_2_statm_3_covm_16_clint_pooled_covs_unchanged,cossac,7.749925237697789,29.021632086740013,-10871.816031494754,FALSE,3.6878528580604497,19.798035006360532,0,1,NA,FALSE,11827.256,Intel® Xeon® W9-3475X (36 cores),125.3 GiB,Linux 64-bit,5.3.18-150300.59.106-default
strm_2_statm_3_covm_16_clint_pooled_covs_unchanged,covsamba,8.358990037775175,30.27306949297173,-10977.392326922803,FALSE,2.8603214475714847,19.674114178007308,0,1,NA,FALSE,1171.385,Intel® Xeon® W9-3475X (36 cores),125.3 GiB,Linux 64-bit,5.3.18-150300.59.106-default
strm_2_statm_3_covm_17_clint_pooled_covs_unchanged,cossac,7.528115405322083,28.6626236358405,-11036.539230236029,FALSE,3.144008571514071,19.39209135277521,0,1,NA,FALSE,18462.038,Intel® Xeon® W9-3475X (36 cores),125.3 GiB,Linux 64-bit,5.3.18-150300.59.106-default
strm_2_statm_3_covm_17_clint_pooled_covs_unchanged,covsamba,7.9363305359682865,29.5074428502091,-11089.152674468562,FALSE,2.3968824179163253,19.23239928854023,0,1,NA,FALSE,1221.315,Intel® Xeon® W9-3475X (36 cores),125.3 GiB,Linux 64-bit,5.3.18-150300.59.106-default
strm_2_statm_3_covm_18_clint_pooled_covs_unchanged,cossac,6.506385167574286,27.56506668183568,-10696.992308289136,FALSE,1.3897891689421331,18.670877500695145,0.3333333333333333,1,1,FALSE,8660.483,Intel® Xeon® W9-3475X (36 cores),125.3 GiB,Linux 64-bit,5.3.18-150300.59.106-default
strm_2_statm_3_covm_18_clint_pooled_covs_unchanged,covsamba,6.7910516716331655,28.055296074515898,-10871.818310072029,FALSE,2.6713184356720325,19.219889689787507,0.6666666666666666,1,1,FALSE,1234.867,Intel® Xeon® W9-3475X (36 cores),125.3 GiB,Linux 64-bit,5.3.18-150300.59.106-default
strm_2_statm_3_covm_19_clint_pooled_covs_unchanged,cossac,6.5826923233623935,27.48967770987222,-10947.422967784298,FALSE,2.6066375899502705,18.95678157581311,0,0.9803921568627452,0,FALSE,17331.113,Intel® Xeon® W9-3475X (36 cores),125.3 GiB,Linux 64-bit,5.3.18-150300.59.106-default
strm_2_statm_3_covm_19_clint_pooled_covs_unchanged,covsamba,6.857152146750723,27.90421304077783,-11211.81622893288,FALSE,2.14469901703432,18.909146120591235,0,0.9607843137254902,0,FALSE,1182.637,Intel® Xeon® W9-3475X (36 cores),125.3 GiB,Linux 64-bit,5.3.18-150300.59.106-default
strm_2_statm_3_covm_20_clint_pooled_covs_unchanged,cossac,6.2609298857363385,27.43431215575661,-11234.292166771416,FALSE,2.244461919054061,18.961647755625837,1,1,1,TRUE,6931.891,Intel® Xeon® W9-3475X (36 cores),125.3 GiB,Linux 64-bit,5.3.18-150300.59.106-default
strm_2_statm_3_covm_20_clint_pooled_covs_unchanged,covsamba,6.2609298857363385,27.43431215575661,-11234.292166771416,FALSE,2.244461919054061,18.961647755625837,1,1,1,TRUE,1404.883,Intel® Xeon® W9-3475X (36 cores),125.3 GiB,Linux 64-bit,5.3.18-150300.59.106-default
strm_2_statm_3_covm_21_clint_pooled_covs_unchanged,cossac,6.929197333427191,29.554080306119666,-11034.402994514889,FALSE,2.0040730013406605,18.669522979043023,0.5,1,1,FALSE,7575.534,Intel® Xeon® W9-3475X (36 cores),125.3 GiB,Linux 64-bit,5.3.18-150300.59.106-default
strm_2_statm_3_covm_21_clint_pooled_covs_unchanged,covsamba,6.431111210268531,28.558358022072927,-11169.874259380536,FALSE,2.1767196279835344,18.772378400931466,1,0.9807692307692308,0.6666666666666666,FALSE,1151.053,Intel® Xeon® W9-3475X (36 cores),125.3 GiB,Linux 64-bit,5.3.18-150300.59.106-default
strm_2_statm_3_covm_22_clint_pooled_covs_unchanged,cossac,6.580672628516247,28.92284927966265,-10758.73595081846,FALSE,1.4218949799868938,18.74623929275789,0.3333333333333333,1,1,FALSE,8659.439,Intel® Xeon® W9-3475X (36 cores),125.3 GiB,Linux 64-bit,5.3.18-150300.59.106-default
strm_2_statm_3_covm_22_clint_pooled_covs_unchanged,covsamba,6.652941217267724,29.140293562708052,-10863.298440896408,FALSE,2.631012847021887,19.289599798671,0.3333333333333333,0.9803921568627452,0.5,FALSE,1249.982,Intel® Xeon® W9-3475X (36 cores),125.3 GiB,Linux 64-bit,5.3.18-150300.59.106-default
strm_2_statm_3_covm_23_clint_pooled_covs_unchanged,cossac,6.282634306565499,27.236921848686528,-10663.285393359629,FALSE,1.7936414155188245,18.835687826240903,1,1,1,TRUE,6938.851,Intel® Xeon® W9-3475X (36 cores),125.3 GiB,Linux 64-bit,5.3.18-150300.59.106-default
strm_2_statm_3_covm_23_clint_pooled_covs_unchanged,covsamba,6.282634306565499,27.236921848686528,-10663.285393359629,FALSE,1.7936414155188245,18.835687826240903,1,1,1,TRUE,1215.116,Intel® Xeon® W9-3475X (36 cores),125.3 GiB,Linux 64-bit,5.3.18-150300.59.106-default
strm_2_statm_3_covm_24_clint_pooled_covs_unchanged,cossac,6.415257900031398,27.700795236689675,-10644.471571155203,FALSE,1.405436484765463,18.69200373098324,0.5,1,1,FALSE,7628.461,Intel® Xeon® W9-3475X (36 cores),125.3 GiB,Linux 64-bit,5.3.18-150300.59.106-default
strm_2_statm_3_covm_24_clint_pooled_covs_unchanged,covsamba,6.334420151430688,27.43439630828523,-10622.584767022916,FALSE,2.1831069257865487,19.002948416548374,1,1,1,TRUE,1145.018,Intel® Xeon® W9-3475X (36 cores),125.3 GiB,Linux 64-bit,5.3.18-150300.59.106-default
strm_2_statm_3_covm_25_clint_pooled_covs_unchanged,cossac,6.40132271807554,27.6631554548141,-10503.102816832576,FALSE,2.2835747334169505,18.697121210340697,0,0.9803921568627452,0,FALSE,9782.245,Intel® Xeon® W9-3475X (36 cores),125.3 GiB,Linux 64-bit,5.3.18-150300.59.106-default
strm_2_statm_3_covm_25_clint_pooled_covs_unchanged,covsamba,6.374057470894125,27.512890161463684,-10498.840654322135,FALSE,1.9692562999828056,18.91805393749805,0.3333333333333333,1,1,FALSE,1724.616,Intel® Xeon® W9-3475X (36 cores),125.3 GiB,Linux 64-bit,5.3.18-150300.59.106-default
strm_2_statm_3_covm_26_clint_pooled_covs_unchanged,cossac,6.368343122157596,27.837469126438585,-10851.893509997246,FALSE,2.7645451362443967,19.603408595727885,0.5,1,1,FALSE,9179.383,Intel® Xeon® W9-3475X (36 cores),125.3 GiB,Linux 64-bit,5.3.18-150300.59.106-default
strm_2_statm_3_covm_26_clint_pooled_covs_unchanged,covsamba,6.368343122157596,27.837469126438585,-10851.893509997246,FALSE,2.7645451362443967,19.603408595727885,0.5,1,1,FALSE,1805.77,Intel® Xeon® W9-3475X (36 cores),125.3 GiB,Linux 64-bit,5.3.18-150300.59.106-default
strm_2_statm_3_covm_27_clint_pooled_covs_unchanged,cossac,6.454391805303858,28.262631191303612,-10625.159449903416,FALSE,1.309146315858026,19.15789509575361,0.3333333333333333,1,1,FALSE,11710.164,Intel® Xeon® W9-3475X (36 cores),125.3 GiB,Linux 64-bit,5.3.18-150300.59.106-default
strm_2_statm_3_covm_27_clint_pooled_covs_unchanged,covsamba,6.463645485786309,28.1658168785449,-10627.62143792042,FALSE,2.4286675347053035,19.547297216423978,0.6666666666666666,1,1,FALSE,1183.522,Intel® Xeon® W9-3475X (36 cores),125.3 GiB,Linux 64-bit,5.3.18-150300.59.106-default
strm_2_statm_3_covm_28_clint_pooled_covs_unchanged,cossac,6.392506580461878,27.763488804967928,-10452.568434683111,FALSE,2.491777407016441,19.204958715853326,0,0.98,0,FALSE,11111.682,Intel® Xeon® W9-3475X (36 cores),125.3 GiB,Linux 64-bit,5.3.18-150300.59.106-default
strm_2_statm_3_covm_28_clint_pooled_covs_unchanged,covsamba,6.448945627726315,28.142338760953844,-10435.209232398693,FALSE,2.11520614205133,19.373005543353795,0,1,NA,FALSE,1160.24,Intel® Xeon® W9-3475X (36 cores),125.3 GiB,Linux 64-bit,5.3.18-150300.59.106-default
strm_2_statm_3_covm_29_clint_pooled_covs_unchanged,cossac,6.430320727009546,27.807611837584332,-10653.740091438747,FALSE,1.239285892426953,18.746166230998742,0.25,1,1,FALSE,13115.347,Intel® Xeon® W9-3475X (36 cores),125.3 GiB,Linux 64-bit,5.3.18-150300.59.106-default
strm_2_statm_3_covm_29_clint_pooled_covs_unchanged,covsamba,6.394165429109109,27.616827210415323,-10628.525633395808,FALSE,1.802031306319089,18.9811911738881,0.5,1,1,FALSE,1237.766,Intel® Xeon® W9-3475X (36 cores),125.3 GiB,Linux 64-bit,5.3.18-150300.59.106-default
strm_2_statm_3_covm_30_clint_pooled_covs_unchanged,cossac,6.3570216445269505,27.334191347002047,-10405.825966205628,FALSE,2.025915196087498,19.01661331040161,0,0.9791666666666666,0,FALSE,9333.917,Intel® Xeon® W9-3475X (36 cores),125.3 GiB,Linux 64-bit,5.3.18-150300.59.106-default
strm_2_statm_3_covm_30_clint_pooled_covs_unchanged,covsamba,6.37019652896404,27.441942104791757,-10422.237952542391,FALSE,2.1866988514161076,18.987310416201623,0,1,NA,FALSE,1248.318,Intel® Xeon® W9-3475X (36 cores),125.3 GiB,Linux 64-bit,5.3.18-150300.59.106-default
strm_2_statm_3_covm_31_clint_pooled_covs_unchanged,cossac,6.4057250094243665,28.06224522610285,-10880.013390651571,FALSE,2.0647568329405965,19.35278168618135,0.3333333333333333,1,1,FALSE,9618.216,Intel® Xeon® W9-3475X (36 cores),125.3 GiB,Linux 64-bit,5.3.18-150300.59.106-default
strm_2_statm_3_covm_31_clint_pooled_covs_unchanged,covsamba,6.4057250094243665,28.06224522610285,-10880.013390651571,FALSE,2.0647568329405965,19.35278168618135,0.3333333333333333,1,1,FALSE,1180.34,Intel® Xeon® W9-3475X (36 cores),125.3 GiB,Linux 64-bit,5.3.18-150300.59.106-default
strm_2_statm_3_covm_32_clint_pooled_covs_unchanged,cossac,6.393625077463179,27.663391405754865,-10654.233843431595,FALSE,1.6131692789709624,18.82336862707888,0.16666666666666666,1,1,FALSE,7092.629,Intel® Xeon® W9-3475X (36 cores),125.3 GiB,Linux 64-bit,5.3.18-150300.59.106-default
strm_2_statm_3_covm_32_clint_pooled_covs_unchanged,covsamba,6.350649208523606,27.64109418109545,-10653.525208192044,FALSE,1.4042177310978994,18.8232311629924,0.3333333333333333,1,1,FALSE,1148.228,Intel® Xeon® W9-3475X (36 cores),125.3 GiB,Linux 64-bit,5.3.18-150300.59.106-default
strm_2_statm_1_covm_33_clint_pooled_covs_timevar,cossac,4.591990763276487,25.795129391889425,-11730.277465005893,FALSE,6.572350865028345,19.91408058847227,0,0.9830508474576272,0,FALSE,4830.007,Intel® Xeon® W9-3475X (36 cores),125.3 GiB,Linux 64-bit,5.3.18-150300.59.106-default
strm_2_statm_1_covm_33_clint_pooled_covs_timevar,covsamba,4.591990763276487,25.795129391889425,-11730.277465005893,FALSE,6.572350865028345,19.91408058847227,0,0.9830508474576272,0,FALSE,1173.233,Intel® Xeon® W9-3475X (36 cores),125.3 GiB,Linux 64-bit,5.3.18-150300.59.106-default
strm_2_statm_1_covm_34_clint_pooled_covs_timevar,cossac,4.806167122955352,25.016550367086666,-12115.846095663974,FALSE,5.6372264585940215,19.203892885534195,0.5,1,1,FALSE,4268.942,Intel® Xeon® W9-3475X (36 cores),125.3 GiB,Linux 64-bit,5.3.18-150300.59.106-default
strm_2_statm_1_covm_34_clint_pooled_covs_timevar,covsamba,4.772162498131764,24.938583293488595,-12107.948921690457,FALSE,5.566027014656193,19.21349009997519,0.5,0.9827586206896552,0.5,FALSE,1074.877,Intel® Xeon® W9-3475X (36 cores),125.3 GiB,Linux 64-bit,5.3.18-150300.59.106-default
strm_2_statm_1_covm_35_clint_pooled_covs_timevar,cossac,5.022630810385433,25.0198773753272,-12083.403832093189,FALSE,5.661460023615941,19.42756251341909,0.3333333333333333,1,1,FALSE,6832.294,Intel® Xeon® W9-3475X (36 cores),125.3 GiB,Linux 64-bit,5.3.18-150300.59.106-default
strm_2_statm_1_covm_35_clint_pooled_covs_timevar,covsamba,4.960068947703868,24.88919919036335,-12075.87046198574,FALSE,5.389135053286707,19.15346677513458,0.6666666666666666,1,1,FALSE,1125.233,Intel® Xeon® W9-3475X (36 cores),125.3 GiB,Linux 64-bit,5.3.18-150300.59.106-default
strm_2_statm_2_covm_33_clint_pooled_covs_timevar,cossac,4.863404547286507,25.164826724914263,-10900.908553180563,FALSE,5.473793559110204,19.9747584576897,0,0.9830508474576272,0,FALSE,5812.433,Intel® Xeon® W9-3475X (36 cores),125.3 GiB,Linux 64-bit,5.3.18-150300.59.106-default
strm_2_statm_2_covm_33_clint_pooled_covs_timevar,covsamba,4.863404547286507,25.164826724914263,-10900.908553180563,FALSE,5.473793559110204,19.9747584576897,0,0.9830508474576272,0,FALSE,1078.993,Intel® Xeon® W9-3475X (36 cores),125.3 GiB,Linux 64-bit,5.3.18-150300.59.106-default
strm_2_statm_2_covm_34_clint_pooled_covs_timevar,cossac,5.087281669486233,24.45847648677383,-11224.54571464753,FALSE,3.835858587490145,19.050999427475887,0.5,1,1,FALSE,6947.546,Intel® Xeon® W9-3475X (36 cores),125.3 GiB,Linux 64-bit,5.3.18-150300.59.106-default
strm_2_statm_2_covm_34_clint_pooled_covs_timevar,covsamba,5.085552585182204,24.424209200255216,-11216.594420607693,FALSE,3.960489572811357,18.93054655969952,0.5,0.9827586206896552,0.5,FALSE,1690.708,Intel® Xeon® W9-3475X (36 cores),125.3 GiB,Linux 64-bit,5.3.18-150300.59.106-default
strm_2_statm_2_covm_35_clint_pooled_covs_timevar,cossac,5.282085037336849,24.44000401765873,-11202.97833507203,FALSE,3.6743823659642856,19.09364457252719,0.3333333333333333,1,1,FALSE,7242.588,Intel® Xeon® W9-3475X (36 cores),125.3 GiB,Linux 64-bit,5.3.18-150300.59.106-default
strm_2_statm_2_covm_35_clint_pooled_covs_timevar,covsamba,5.235926759678511,24.398441312574494,-11183.307354920564,FALSE,2.9609861106764224,18.7680397716683,0.6666666666666666,1,1,FALSE,1129.972,Intel® Xeon® W9-3475X (36 cores),125.3 GiB,Linux 64-bit,5.3.18-150300.59.106-default
strm_2_statm_3_covm_33_clint_pooled_covs_timevar,cossac,5.536648185382932,27.27863679037818,-10174.67340658085,FALSE,5.193311954369344,20.545046455274903,0,0.9830508474576272,0,FALSE,5542.816,Intel® Xeon® W9-3475X (36 cores),125.3 GiB,Linux 64-bit,5.3.18-150300.59.106-default
strm_2_statm_3_covm_33_clint_pooled_covs_timevar,covsamba,5.536648185382932,27.27863679037818,-10174.67340658085,FALSE,5.193311954369344,20.545046455274903,0,0.9830508474576272,0,FALSE,1223.808,Intel® Xeon® W9-3475X (36 cores),125.3 GiB,Linux 64-bit,5.3.18-150300.59.106-default
strm_2_statm_3_covm_34_clint_pooled_covs_timevar,cossac,5.793660051846972,27.06821779003905,-10396.655949168431,FALSE,3.3099247627345876,19.40552407181346,0.5,1,1,FALSE,7607.468,Intel® Xeon® W9-3475X (36 cores),125.3 GiB,Linux 64-bit,5.3.18-150300.59.106-default
strm_2_statm_3_covm_34_clint_pooled_covs_timevar,covsamba,5.793660051846972,27.06821779003905,-10396.655949168431,FALSE,3.3099247627345876,19.40552407181346,0.5,1,1,FALSE,703.51,Intel® Xeon® W9-3475X (36 cores),125.3 GiB,Linux 64-bit,5.3.18-150300.59.106-default
strm_2_statm_3_covm_35_clint_pooled_covs_timevar,cossac,6.090018856584738,27.70174684406245,-10389.086191384811,FALSE,2.5549939438280473,19.19636268236178,0.3333333333333333,1,1,FALSE,7228.653,Intel® Xeon® W9-3475X (36 cores),125.3 GiB,Linux 64-bit,5.3.18-150300.59.106-default
strm_2_statm_3_covm_35_clint_pooled_covs_timevar,covsamba,6.090018856584738,27.70174684406245,-10389.086191384811,FALSE,2.5549939438280473,19.19636268236178,0.3333333333333333,1,1,FALSE,745.428,Intel® Xeon® W9-3475X (36 cores),125.3 GiB,Linux 64-bit,5.3.18-150300.59.106-default
strm_2_statm_2_covm_2_clint_phase1_covs_unchanged,cossac,5.450224456980406,26.34791144190489,-5907.748659204588,FALSE,1.8812357977133751,6.4705330655794935,1,1,1,TRUE,704.973,Intel® Xeon® W9-3475X (36 cores),125.3 GiB,Linux 64-bit,5.3.18-150300.59.106-default
strm_2_statm_2_covm_2_clint_phase1_covs_unchanged,covsamba,5.450224456980406,26.34791144190489,-5907.748659204588,FALSE,1.8812357977133751,6.4705330655794935,1,1,1,TRUE,62.851,Intel® Xeon® W9-3475X (36 cores),125.3 GiB,Linux 64-bit,5.3.18-150300.59.106-default
strm_2_statm_2_covm_3_clint_phase1_covs_unchanged,cossac,5.700383474603962,26.646426576793957,-5595.614633755558,FALSE,2.116172648882878,6.708191346192641,0,1,NA,FALSE,529.506,Intel® Xeon® W9-3475X (36 cores),125.3 GiB,Linux 64-bit,5.3.18-150300.59.106-default
strm_2_statm_2_covm_3_clint_phase1_covs_unchanged,covsamba,5.3388007351989035,26.261204227120473,-5729.793126247459,FALSE,1.874437516864672,6.535683057275679,1,1,1,TRUE,62.848,Intel® Xeon® W9-3475X (36 cores),125.3 GiB,Linux 64-bit,5.3.18-150300.59.106-default
strm_2_statm_2_covm_4_clint_phase1_covs_unchanged,cossac,5.535079154104862,26.4877121194364,-5518.970608520175,FALSE,1.9460078599813488,6.634717086425322,0,0.9803921568627452,0,FALSE,880.998,Intel® Xeon® W9-3475X (36 cores),125.3 GiB,Linux 64-bit,5.3.18-150300.59.106-default
strm_2_statm_2_covm_4_clint_phase1_covs_unchanged,covsamba,5.306324422846294,26.287404550790843,-5595.217693686812,FALSE,1.8618617918931764,6.652618227560095,0.6666666666666666,0.9803921568627452,0.6666666666666666,FALSE,68.62,Intel® Xeon® W9-3475X (36 cores),125.3 GiB,Linux 64-bit,5.3.18-150300.59.106-default
strm_2_statm_2_covm_2_clint_pooled_covs_uncorrelatedCLCR,cossac,5.623208890773061,24.44902352662661,-11882.947127374757,FALSE,2.1357168524913988,18.61524259722327,1,1,1,TRUE,5706.007,Intel® Xeon® W9-3475X (36 cores),125.3 GiB,Linux 64-bit,5.3.18-150300.59.106-default
strm_2_statm_2_covm_2_clint_pooled_covs_uncorrelatedCLCR,covsamba,5.623208890773061,24.44902352662661,-11882.947127374757,FALSE,2.1357168524913988,18.61524259722327,1,1,1,TRUE,1147.185,Intel® Xeon® W9-3475X (36 cores),125.3 GiB,Linux 64-bit,5.3.18-150300.59.106-default
strm_2_statm_2_covm_2_clint_pooled_covs_timevar,cossac,9.123231239702225,29.098981085034943,-9619.712362016038,FALSE,-5.130708702707447,19.46159678125511,0,0.9830508474576272,0,FALSE,5726.455,Intel® Xeon® W9-3475X (36 cores),125.3 GiB,Linux 64-bit,5.3.18-150300.59.106-default
strm_2_statm_2_covm_2_clint_pooled_covs_timevar,covsamba,9.123231239702225,29.098981085034943,-9619.712362016038,FALSE,-5.130708702707447,19.46159678125511,0,0.9830508474576272,0,FALSE,1152.195,Intel® Xeon® W9-3475X (36 cores),125.3 GiB,Linux 64-bit,5.3.18-150300.59.106-default
strm_2_statm_2_covm_3_clint_pooled_covs_uncorrelatedCLCR,cossac,5.7756374997077415,24.619953269868216,-11623.428824450672,FALSE,2.102975657080589,18.48172940888029,0.5,1,1,FALSE,11066.477,Intel® Xeon® W9-3475X (36 cores),125.3 GiB,Linux 64-bit,5.3.18-150300.59.106-default
strm_2_statm_2_covm_3_clint_pooled_covs_uncorrelatedCLCR,covsamba,5.655001305683812,24.498122407022663,-11678.404505541956,FALSE,2.41643443652142,18.697504972680612,1,1,1,TRUE,1129.649,Intel® Xeon® W9-3475X (36 cores),125.3 GiB,Linux 64-bit,5.3.18-150300.59.106-default
strm_2_statm_2_covm_3_clint_pooled_covs_timevar,cossac,5.7756374997077415,24.619953269868216,-11623.428824450672,FALSE,2.102975657080589,18.48172940888029,0.5,1,1,FALSE,7776.397,Intel® Xeon® W9-3475X (36 cores),125.3 GiB,Linux 64-bit,5.3.18-150300.59.106-default
strm_2_statm_2_covm_3_clint_pooled_covs_timevar,covsamba,7.330611640913223,26.29394637378684,-10965.20521000504,FALSE,-1.270998197398566,18.469950296236185,0.5,0.9827586206896552,0.5,FALSE,1127.364,Intel® Xeon® W9-3475X (36 cores),125.3 GiB,Linux 64-bit,5.3.18-150300.59.106-default
strm_2_statm_2_covm_4_clint_pooled_covs_uncorrelatedCLCR,cossac,5.703268812626945,24.607768220064177,-11475.827506845337,FALSE,1.8281778602554069,18.493292120021817,0.3333333333333333,1,1,FALSE,5012.317,Intel® Xeon® W9-3475X (36 cores),125.3 GiB,Linux 64-bit,5.3.18-150300.59.106-default
strm_2_statm_2_covm_4_clint_pooled_covs_uncorrelatedCLCR,covsamba,5.703268812626945,24.607768220064177,-11475.827506845337,FALSE,1.8281778602554069,18.493292120021817,0.3333333333333333,1,1,FALSE,1727.675,Intel® Xeon® W9-3475X (36 cores),125.3 GiB,Linux 64-bit,5.3.18-150300.59.106-default
strm_2_statm_2_covm_4_clint_pooled_covs_timevar,cossac,5.703268812626945,24.607768220064177,-11475.827506845337,FALSE,1.8281778602554069,18.493292120021817,0.3333333333333333,1,1,FALSE,6885.969,Intel® Xeon® W9-3475X (36 cores),125.3 GiB,Linux 64-bit,5.3.18-150300.59.106-default
strm_2_statm_2_covm_4_clint_pooled_covs_timevar,covsamba,5.678637988245392,24.62267566784993,-11487.135971886257,FALSE,1.7901507428448409,18.533370252866057,0.3333333333333333,0.9824561403508772,0.5,FALSE,1148.591,Intel® Xeon® W9-3475X (36 cores),125.3 GiB,Linux 64-bit,5.3.18-150300.59.106-default
