ID,AUC_ss
1,2.1962944172733074
2,14.645883641988206
3,2.5922362874611053
4,5.208448989198686
5,4.127950103837094
6,20.823201321184285
7,8.488723716117335
8,12.17554526531407
9,10.27873655709601
10,2.80342085949534
11,4.843788907996014
12,13.471995937358685
13,20.527935392946915
14,6.85018151435429
15,5.1342323190286265
16,9.006602690379879
17,5.543227119367174
18,7.3355262046734
19,7.931536794374267
20,18.176478268867584
21,11.583987509225551
22,4.875552563377198
23,13.125167833271234
24,3.9480615086452957
25,10.578638396571364
26,3.506569136277001
27,6.037375760127972
28,15.636085482257187
29,10.703192272926003
30,4.854683544139789
31,6.347274709633382
32,15.244682055167857
33,6.099335325432818
34,6.389258731315181
35,3.4759467444775325
36,2.876902814881589
37,1.8286479042848107
38,2.278205677473027
39,3.4939397332704445
40,6.391356843298595
41,1.93524770185617
42,4.664653213446002
43,5.182654374690358
44,8.3384101055168
45,9.872659027294532
46,9.438399658943155
47,8.851215566924822
48,1.3989537560427536
49,2.3251481572989547
50,3.970990282549579
51,1.821741352835826
52,25.635520875648524
53,12.818233853598485
54,33.6775180623855
55,38.9361760149867
56,19.703849792879282
57,27.481578233262496
58,26.007111656868744
59,116.31986361763938
60,62.93177173549691
61,32.7526344611548
62,17.783255110500363
63,61.665882670530436
64,44.86217898796701
65,31.047321304189154
66,13.139852650941606
67,81.60803010944323
68,20.456714015932675
69,21.678073530906147
70,38.82755459931241
71,49.23617477742698
72,41.550025582889816
73,28.88905427858265
74,40.105018148012846
75,11.376403643332793
76,25.58012239114663
77,13.485174200918337
78,39.43544453763775
79,65.80328119472608
80,44.03912222330132
81,30.729280441498986
82,12.222735382448207
83,32.37896253912004
84,3.9417195022284233
85,4.46636239483977
86,4.157949150464713
87,3.1327297406581067
88,3.5601008124812594
89,2.6681555956844036
90,2.9795379902060937
91,2.2370520545778945
92,5.615946797033871
93,3.7717119208709136
94,5.053106455907326
95,2.0777622184195117
96,2.6718280567739274
97,4.022359518139851
98,2.1040737838303283
99,3.1941785599687336
100,2.743845198997846
101,2.3936461756838163
102,4.566352658327499
103,4.340249878355294
104,3.842416537369914
105,5.239710106293302
106,3.4345641477244584
107,5.245031119986606
108,2.4874255970280004
109,4.1306379723094935
110,2.1154702120102904
111,4.214693219848783
112,4.544509623131198
113,2.507076481130426
114,3.444410026810523
115,4.065971908179321
116,2.838049642460849
117,5.27415309533896
118,3.186728845857669
119,3.3287910931400013
120,3.0264056851330743
121,3.184334631583752
122,2.3555219218142582
123,4.485187923142632
124,4.057943789831874
125,4.388905336501502
126,1.9081877262674443
127,2.2137017890871657
128,4.10912824868177
129,7.170971630030138
130,3.3091147704424877
131,2.3768735494991304
132,4.263356463241955
133,2.9284136246041648
134,5.077363883368612
135,2.9144786413444166
136,5.61436371767428
137,4.472595268578601
138,5.385961074500116
139,5.0731456764264
140,4.676697699369953
141,2.8625967196792494
142,3.2817336193145685
143,4.48700080784284
144,4.592918693919486
145,5.577311003606177
146,5.111485891972791
147,5.575581985832841
148,4.445631974350853
149,3.1271503394263043
150,5.80299512329151
151,2.4599952551682236
152,5.41303721962035
153,3.9228787553044597
154,1.759559542061865
155,3.2380298683352216
156,4.264293039064768
157,4.999524229548186
158,3.395997513924897
159,4.200933223455188
160,4.03903076018382
161,3.617429296993315
162,4.0445367058199935
163,1.3240194923580972
164,2.1713418092262167
165,2.9260201105398354
166,3.0042951968597826
167,3.332787250146282
168,2.413732950579938
169,4.230265662540894
170,5.756617203389723
171,1.9364484160064084
172,5.034665794002258
173,6.33110932096298
174,4.936887429699347
175,5.214778376840343
176,2.9864944278507615
177,5.508005754878347
178,4.192292490124181
179,4.727664758993484
180,5.53805012372009
181,6.275810261047411
182,3.8203600502108763
183,4.972896210352609
184,2.7275597324209713
185,3.2572071905265716
186,3.8746845563357297
187,4.157764507241282
188,4.73777283448964
189,4.024155066051534
190,2.6193058501488
191,3.889938394235301
192,4.1038022268219265
193,1.339814927132224
194,4.398602458527236
195,2.0969544018783957
196,2.0869815447114792
197,5.3033407008375875
198,2.855917439629957
199,4.665757657615856
200,3.166266639486487
201,5.12342727256641
202,4.903163972927487
203,2.216611206630425
204,2.7934411585067025
205,2.6422924642589614
206,1.6535749284623407
207,4.3771095616545495
208,2.6432611643648336
209,4.113659498875805
210,4.447352952902538
211,2.4492821537354637
212,2.605165045129773
213,4.001851932602612
214,3.7646411611729285
215,1.8771922773355363
216,2.2987770350434396
217,5.888526179108844
218,3.848036061017652
219,2.3367923636410524
220,5.595557748386462
221,2.534443889424878
222,3.6219961090652752
223,3.3847089293802064
224,4.651809718464513
225,2.053205895301348
226,4.1394939062027305
227,3.7914560261563963
228,5.384226170141375
229,2.735868563287923
230,1.5289620458068685
231,6.281948738709289
232,3.501012685876308
233,4.153967486277111
234,2.391828237520926
235,4.853081852849158
236,2.725156784116436
237,1.8479407990654995
238,3.3610904895124563
239,2.853164507925669
240,4.170331895076821
241,1.9728030183362257
242,5.3278230497371695
243,2.394917443669062
244,2.793531085979261
245,9.19485176339225
246,4.288414113124915
247,2.2923236617337945
248,4.441598311283684
249,3.7171260323126667
250,3.923604240319875
251,5.36181162133871
252,3.057124791341465
253,3.2336671124256924
254,2.1800203256378126
255,1.8228075311183467
256,2.4470772415269693
257,2.830527570078978
258,3.3082274566692504
259,4.336029136476084
260,3.1710611768476795
261,3.509264801337043
262,2.873003687084907
263,3.9068614025234183
264,2.3410847603833957
265,3.0085450811685135
266,1.46148115016255
267,9.576545769494963
268,4.216144738011614
269,7.203181901388973
270,4.603008862105881
271,2.692017271309531
272,2.0382926270309216
273,3.9800748160793304
274,4.815012253795551
275,4.1451690781987836
276,3.48368705970039
277,3.978423715248759
278,1.3736777288287456
279,2.221454413116035
280,3.6306278245462664
281,1.9801541401877767
282,4.113775393871656
283,1.5827427913335654
284,2.3314509964967556
285,2.4423542383624763
286,1.5640694400571378
287,3.02322247399929
288,3.1995080191152567
289,2.2182795128365846
290,2.635379609808531
291,2.4515608789272854
292,1.5728048568036481
293,4.479728986435035
294,2.7642317308246547
295,2.212556388387216
296,2.2111109664217565
297,3.426462954484826
298,2.470312135945555
299,2.4849019104540346
300,2.905466719015717
301,2.998985747478663
302,1.8948612228585322
303,2.142712552809275
304,1.4264177918176304
305,2.6653396265823064
306,2.9068098741241712
307,3.7071181474633192
308,2.100917429426829
309,2.7561356423136374
310,2.56216919461459
311,3.680914358231405
312,3.5073397714823322
313,2.660136269639054
314,2.4526926134453504
315,2.663797467983798
316,1.4420675896402564
317,2.9994670293375805
318,1.943374926504557
319,2.8022704400526735
320,4.198293731058243
321,2.206896602454737
322,2.579318378931667
323,3.6035688112357107
324,3.693268765638514
325,1.8474439626581667
326,1.7264760530214165
327,1.9089899522676212
328,3.116238639989284
329,3.857774092599449
330,2.459922352983959
331,1.7672293834689832
332,2.0592048353605605
333,2.2049940486342265
334,2.1991228627291193
335,3.2886802619639752
336,2.1862212009062603
337,2.696775478951757
338,2.877179123336333
339,2.411870792314808
340,3.9902015167970006
341,3.3257925728593953
342,2.7317085777521015
343,1.8278105520643635
344,3.013353380447562
345,2.8616883374550195
346,1.7471763319698876
347,2.670689363168961
348,2.447846981745773
349,1.8237188774927162
350,3.096901083789575
351,2.676065937785232
352,1.9720601247921294
353,2.2983404701626
354,3.4296439107360968
355,2.4568047186934905
356,2.472989652402944
357,2.05539296804573
358,1.6342811420331742
359,2.166151235101733
360,2.6539053089455535
361,2.05681118431524
362,2.5977914380231155
363,1.3056091964087724
364,1.9106546130834685
365,2.5804156537903573
366,3.2492468743457295
367,2.330726952873748
368,4.220973936156469
369,2.865894121738407
370,2.0497884793817107
371,4.141681228728288
372,2.9695787522697152
373,3.5228879259721246
374,2.533270470099737
375,1.9741190148249217
376,2.614347146872035
377,1.942448631554921
378,3.2437838379490174
379,1.9489909162110735
380,3.0251394135709155
381,2.9024395783987202
382,3.294616367212356
383,3.37638689850138
384,3.465848455713349
385,2.2746084415897734
386,2.4045760959054157
387,2.071413143304877
388,1.249920931026029
389,3.09686062730934
390,1.7879480918559452
391,0.8153704566608475
392,2.1359500324593768
393,2.827911119731752
394,3.196339207463538
395,2.9446006241721356
396,3.4228480981272895
397,3.5224205488967044
398,2.7505423952329693
399,2.396760882406852
400,2.0516862469000685
401,3.246885162807839
402,3.70202573726705
403,2.1903077802776982
404,1.7512515870026313
405,1.3226876244931383
406,4.422250880126725
407,2.7728393801449087
408,1.7390787014861182
409,2.6356804719604447
410,1.9302067652840353
411,2.1309493992625743
412,2.6439823002792266
413,1.543090612618819
414,3.7054760675595304
415,2.456241497281958
416,2.118096331326309
417,1.7753945252134145
418,2.1026761699904952
419,2.3473254050027066
420,2.0396456748814824
421,2.4481618730035564
422,3.252482559350888
423,2.8286694086587723
424,2.004023553689265
425,2.3613832798200534
426,3.040112600518043
427,2.5203461368675653
428,1.2041791973947
429,4.415494795507982
430,2.3539994359358793
431,3.3322604330793624
432,3.457730293468643
433,4.241454358334835
434,3.0142037848474494
435,2.115493958164137
436,3.5849343538602554
437,1.4088496871023466
438,3.346474077257774
439,4.70439391888894
440,2.9309593428481833
441,1.335223140734854
442,1.625729290309117
443,1.5907581487632019
444,2.0656817206727336
445,1.7502662322669877
446,2.557693483603785
447,2.978295076831891
448,5.907516371303359
449,2.3555245278838726
450,4.18541656899869
451,3.820525705557216
452,2.1570446724334644
453,3.6889388813679886
454,4.3565315867575265
455,3.7981236673992527
456,4.498667400884202
457,1.5384666886446112
458,2.3633442524546737
459,2.4266275549504854
460,1.9972331067973776
461,1.618010779883182
462,1.6341583008766252
463,4.285508750756279
464,1.832223211213206
465,2.6096413348683978
466,1.9637123620260226
467,1.9127274507826222
468,1.9950230260062654
469,2.3934655187856286
470,3.035471599606474
471,3.4847340109333302
472,1.5658674642725199
473,2.5337301184626853
474,3.0760177261943937
475,2.1487315508799156
476,1.830539228619191
477,3.5811873193589605
478,1.9914663787780782
479,2.9507008280837255
480,3.341337166032787
481,4.716602328059523
482,2.675652624898852
483,2.285153724791016
484,2.701443660506861
485,1.6990618900247512
486,2.048711297544463
487,2.350631248919772
488,1.6375998514381855
489,4.380450055267254
490,2.161033634167036
491,2.2411712066920977
492,3.8181510892881505
493,3.4363059448789386
494,3.2007433343389664
495,1.9088954641681077
496,2.875237603598972
497,2.9709354143063536
498,3.2441854532209202
499,2.3010816887802896
500,3.2882382531398164
501,2.679097764620124
502,1.7748488297851068
503,1.7700584745150607
504,3.4040878377137176
505,2.6096573503710765
506,2.418800132783396
507,2.755321589881145
508,1.1249664337456622
509,1.5226030270220967
510,3.0836681544360403
511,3.2633312812944766
512,1.7052448880597346
513,1.9931047181629253
514,1.7724017208470784
515,2.7050191645292827
516,1.5517306125993855
517,2.7998197537044973
518,1.3860818906806607
519,2.0212329641546773
520,2.2418419464017063
521,4.662629543593882
522,3.404560116463596
523,2.892968793554397
524,2.6188685616418255
525,2.424267756472588
526,1.4903447547426207
527,2.585956923204634
528,1.8605149292582688
529,2.95898582115003
530,3.0153006799502435
531,3.132366244669015
532,1.3329810348257283
533,3.2146167908750414
534,1.8427446085621835
535,3.362772888096295
536,2.32252621404421
537,4.950798753192274
538,2.9139251594332976
539,2.068582631462597
540,4.363413093394797
541,3.007097158625921
542,2.2631825896114037
543,4.683534287159887
544,2.161037569472919
545,3.828586196136513
546,2.985045166458818
547,1.6528147058190896
548,2.413179378831863
549,1.9344507797276975
550,2.733439430284445
551,1.7561898263676436
552,2.4680134916877634
553,4.175708887760905
554,2.102906466784937
555,2.377957074881934
556,3.010657827702893
557,2.3936273793301766
558,2.204220545948097
559,1.99043060224826
560,2.1429001113738124
561,2.1064136054863702
562,2.02320832844228
563,2.192125029795358
564,1.9324193384338244
565,3.049563626737122
566,2.6129418028523332
567,2.8374302152225823
568,2.98886823854005
569,3.82198651514757
570,2.030902068344493
571,3.0632991476375793
572,3.073502992685878
573,3.543404893753639
574,2.1659535462968673
575,3.0369296001267116
576,3.556115108955453
577,4.127827849994674
578,1.7980476826226521
579,3.560890100121682
580,3.2108214433714224
581,2.339407075785573
582,3.226340971438553
583,2.913142169299171
584,2.272955853183216
585,2.549730216228795
586,3.219045298014805
587,2.049062092827384
588,2.872651177888695
589,4.250697931412219
590,1.8484466922655365
591,4.667836996053083
592,2.3164899970359727
593,3.1538750330535237
594,3.8118363190519826
595,4.088624441488708
596,3.145480781729731
597,1.5649368502417467
598,3.173413514221121
599,1.3913547464882168
600,2.554464571623921
601,3.1884438004913136
602,2.265410822634081
603,2.2175116283015335
604,1.975004331110675
605,1.9692830455661152
606,2.5890812477664333
607,2.1784704654804194
608,3.3037693056047566
609,1.7331200858857834
610,5.442978490446102
611,3.756493067873862
612,3.196097173987937
613,2.009528462048591
614,3.1126494816700188
615,2.5445460344842488
616,2.9977018167043887
617,1.950843308288988
618,4.217664535392657
619,2.011447063609861
620,2.7656273557291158
621,1.772451728147633
622,3.0457332776521326
623,3.0382196709267077
624,1.7078573694656285
625,1.9800199879811302
626,4.13139445111301
627,4.26385957943554
628,1.9683449665060913
629,3.3845507613061585
630,1.731354002135367
631,3.8705269013297112
632,1.8872780030519252
633,2.264562595194704
634,2.725524320217623
635,1.6857888212132242
636,2.586552340708483
637,3.018615102226285
